AWS Amazon EC2 — compare the purpose and limits elsewhere.	Azure: Azure Virtual Machines; Google Cloud: Compute Engine | Grade: exact | Caveat: Similar purpose does not imply identical limits or configuration. | Sources: https://docs.aws.amazon.com/AWSEC2/latest/UserGuide/concepts.html, https://learn.microsoft.com/en-us/azure/virtual-machines/overview, https://docs.cloud.google.com/compute/docs/overview	compute mapping exact
Azure Azure Virtual Machines — compare the purpose and limits elsewhere.	AWS: Amazon EC2; Google Cloud: Compute Engine | Grade: exact | Caveat: Similar purpose does not imply identical limits or configuration. | Sources: https://docs.aws.amazon.com/AWSEC2/latest/UserGuide/concepts.html, https://learn.microsoft.com/en-us/azure/virtual-machines/overview, https://docs.cloud.google.com/compute/docs/overview	compute mapping exact
Google Cloud Compute Engine — compare the purpose and limits elsewhere.	AWS: Amazon EC2; Azure: Azure Virtual Machines | Grade: exact | Caveat: Similar purpose does not imply identical limits or configuration. | Sources: https://docs.aws.amazon.com/AWSEC2/latest/UserGuide/concepts.html, https://learn.microsoft.com/en-us/azure/virtual-machines/overview, https://docs.cloud.google.com/compute/docs/overview	compute mapping exact
AWS Auto Scaling group — compare the purpose and limits elsewhere.	Azure: Virtual Machine Scale Set; Google Cloud: Managed instance group | Grade: partial | Caveat: A Google managed instance group is created as either zonal or regional, and the regional form spreads instances across zones for you. An AWS Auto Scaling group achieves the same thing by being given subnets in several availability zones, because the subnet is what carries the zone. Note the acronym trap: AWS ASG means Auto Scaling group, while Azure ASG means application security group, an unrelated networking object. | Sources: https://docs.aws.amazon.com/autoscaling/ec2/userguide/auto-scaling-groups.html, https://learn.microsoft.com/en-us/azure/virtual-machine-scale-sets/overview, https://docs.cloud.google.com/compute/docs/instance-groups	compute mapping partial
Azure Virtual Machine Scale Set — compare the purpose and limits elsewhere.	AWS: Auto Scaling group; Google Cloud: Managed instance group | Grade: partial | Caveat: A Google managed instance group is created as either zonal or regional, and the regional form spreads instances across zones for you. An AWS Auto Scaling group achieves the same thing by being given subnets in several availability zones, because the subnet is what carries the zone. Note the acronym trap: AWS ASG means Auto Scaling group, while Azure ASG means application security group, an unrelated networking object. | Sources: https://docs.aws.amazon.com/autoscaling/ec2/userguide/auto-scaling-groups.html, https://learn.microsoft.com/en-us/azure/virtual-machine-scale-sets/overview, https://docs.cloud.google.com/compute/docs/instance-groups	compute mapping partial
Google Cloud Managed instance group — compare the purpose and limits elsewhere.	AWS: Auto Scaling group; Azure: Virtual Machine Scale Set | Grade: partial | Caveat: A Google managed instance group is created as either zonal or regional, and the regional form spreads instances across zones for you. An AWS Auto Scaling group achieves the same thing by being given subnets in several availability zones, because the subnet is what carries the zone. Note the acronym trap: AWS ASG means Auto Scaling group, while Azure ASG means application security group, an unrelated networking object. | Sources: https://docs.aws.amazon.com/autoscaling/ec2/userguide/auto-scaling-groups.html, https://learn.microsoft.com/en-us/azure/virtual-machine-scale-sets/overview, https://docs.cloud.google.com/compute/docs/instance-groups	compute mapping partial
Horizontally scaling a pool of virtual machines — where does the mapping break?	A Google managed instance group is created as either zonal or regional, and the regional form spreads instances across zones for you. An AWS Auto Scaling group achieves the same thing by being given subnets in several availability zones, because the subnet is what carries the zone. Note the acronym trap: AWS ASG means Auto Scaling group, while Azure ASG means application security group, an unrelated networking object. | Sources: https://docs.aws.amazon.com/autoscaling/ec2/userguide/auto-scaling-groups.html, https://learn.microsoft.com/en-us/azure/virtual-machine-scale-sets/overview, https://docs.cloud.google.com/compute/docs/instance-groups	compute gotcha regular
AWS AWS Lambda — compare the purpose and limits elsewhere.	Azure: Azure Functions; Google Cloud: Cloud Run functions | Grade: partial | Caveat: Cloud Functions (2nd gen) is now Cloud Run functions and uses the Cloud Run service model. The first generation remains distinct. Azure Functions behavior depends on the hosting plan, including timeout, scaling, and cold starts. AWS Lambda has its own invocation and concurrency model. A familiar function name does not establish identical runtime limits; check the generation, trigger, and hosting plan. | Sources: https://docs.cloud.google.com/functions/docs/concepts/version-comparison, https://learn.microsoft.com/en-us/azure/azure-functions/functions-scale, https://docs.aws.amazon.com/lambda/latest/dg/lambda-concurrency.html	compute mapping partial
Azure Azure Functions — compare the purpose and limits elsewhere.	AWS: AWS Lambda; Google Cloud: Cloud Run functions | Grade: partial | Caveat: Cloud Functions (2nd gen) is now Cloud Run functions and uses the Cloud Run service model. The first generation remains distinct. Azure Functions behavior depends on the hosting plan, including timeout, scaling, and cold starts. AWS Lambda has its own invocation and concurrency model. A familiar function name does not establish identical runtime limits; check the generation, trigger, and hosting plan. | Sources: https://docs.cloud.google.com/functions/docs/concepts/version-comparison, https://learn.microsoft.com/en-us/azure/azure-functions/functions-scale, https://docs.aws.amazon.com/lambda/latest/dg/lambda-concurrency.html	compute mapping partial
Google Cloud Cloud Run functions — compare the purpose and limits elsewhere.	AWS: AWS Lambda; Azure: Azure Functions | Grade: partial | Caveat: Cloud Functions (2nd gen) is now Cloud Run functions and uses the Cloud Run service model. The first generation remains distinct. Azure Functions behavior depends on the hosting plan, including timeout, scaling, and cold starts. AWS Lambda has its own invocation and concurrency model. A familiar function name does not establish identical runtime limits; check the generation, trigger, and hosting plan. | Sources: https://docs.cloud.google.com/functions/docs/concepts/version-comparison, https://learn.microsoft.com/en-us/azure/azure-functions/functions-scale, https://docs.aws.amazon.com/lambda/latest/dg/lambda-concurrency.html	compute mapping partial
Event-driven function as a service — where does the mapping break?	Cloud Functions (2nd gen) is now Cloud Run functions and uses the Cloud Run service model. The first generation remains distinct. Azure Functions behavior depends on the hosting plan, including timeout, scaling, and cold starts. AWS Lambda has its own invocation and concurrency model. A familiar function name does not establish identical runtime limits; check the generation, trigger, and hosting plan. | Sources: https://docs.cloud.google.com/functions/docs/concepts/version-comparison, https://learn.microsoft.com/en-us/azure/azure-functions/functions-scale, https://docs.aws.amazon.com/lambda/latest/dg/lambda-concurrency.html	compute gotcha regular
AWS AWS Fargate — compare the purpose and limits elsewhere.	Azure: Azure Container Apps; Google Cloud: Cloud Run | Grade: partial | Caveat: Fargate supplies compute for ECS or EKS, so an orchestrator remains part of the design. Azure Container Apps and Cloud Run expose a managed application deployment experience. Cloud Run services can scale to zero by default, but minimum instances and billing mode change idle behavior and cost. Storage, networking, databases, and other dependencies can still incur charges while application instances are at zero. Compare the whole architecture and the selected hosting plan. | Sources: https://docs.aws.amazon.com/AmazonECS/latest/developerguide/AWS_Fargate.html, https://learn.microsoft.com/en-us/azure/container-apps/overview, https://docs.cloud.google.com/run/docs/about-instance-autoscaling, https://docs.cloud.google.com/run/docs/configuring/billing-settings	compute mapping partial
Azure Azure Container Apps — compare the purpose and limits elsewhere.	AWS: AWS Fargate; Google Cloud: Cloud Run | Grade: partial | Caveat: Fargate supplies compute for ECS or EKS, so an orchestrator remains part of the design. Azure Container Apps and Cloud Run expose a managed application deployment experience. Cloud Run services can scale to zero by default, but minimum instances and billing mode change idle behavior and cost. Storage, networking, databases, and other dependencies can still incur charges while application instances are at zero. Compare the whole architecture and the selected hosting plan. | Sources: https://docs.aws.amazon.com/AmazonECS/latest/developerguide/AWS_Fargate.html, https://learn.microsoft.com/en-us/azure/container-apps/overview, https://docs.cloud.google.com/run/docs/about-instance-autoscaling, https://docs.cloud.google.com/run/docs/configuring/billing-settings	compute mapping partial
Google Cloud Cloud Run — compare the purpose and limits elsewhere.	AWS: AWS Fargate; Azure: Azure Container Apps | Grade: partial | Caveat: Fargate supplies compute for ECS or EKS, so an orchestrator remains part of the design. Azure Container Apps and Cloud Run expose a managed application deployment experience. Cloud Run services can scale to zero by default, but minimum instances and billing mode change idle behavior and cost. Storage, networking, databases, and other dependencies can still incur charges while application instances are at zero. Compare the whole architecture and the selected hosting plan. | Sources: https://docs.aws.amazon.com/AmazonECS/latest/developerguide/AWS_Fargate.html, https://learn.microsoft.com/en-us/azure/container-apps/overview, https://docs.cloud.google.com/run/docs/about-instance-autoscaling, https://docs.cloud.google.com/run/docs/configuring/billing-settings	compute mapping partial
Running a container without managing servers — where does the mapping break?	Fargate supplies compute for ECS or EKS, so an orchestrator remains part of the design. Azure Container Apps and Cloud Run expose a managed application deployment experience. Cloud Run services can scale to zero by default, but minimum instances and billing mode change idle behavior and cost. Storage, networking, databases, and other dependencies can still incur charges while application instances are at zero. Compare the whole architecture and the selected hosting plan. | Sources: https://docs.aws.amazon.com/AmazonECS/latest/developerguide/AWS_Fargate.html, https://learn.microsoft.com/en-us/azure/container-apps/overview, https://docs.cloud.google.com/run/docs/about-instance-autoscaling, https://docs.cloud.google.com/run/docs/configuring/billing-settings	compute gotcha regular
AWS Amazon EKS — compare the purpose and limits elsewhere.	Azure: Azure Kubernetes Service; Google Cloud: Google Kubernetes Engine | Grade: partial | Caveat: Compare the operating mode, not just the Kubernetes service name. GKE Autopilot, EKS Auto Mode, and AKS Automatic all reduce infrastructure management, with different node controls, workload constraints, upgrade behavior, and billing. They are relevant alternatives, not identical products. GKE Autopilot billing can depend on workload and compute class; do not assume every workload is billed only by requested pod resources. Check the selected mode, region, and supported features. | Sources: https://docs.aws.amazon.com/eks/latest/userguide/automode.html, https://learn.microsoft.com/en-us/azure/aks/intro-aks-automatic, https://docs.cloud.google.com/kubernetes-engine/docs/concepts/autopilot-overview	compute mapping partial
Azure Azure Kubernetes Service — compare the purpose and limits elsewhere.	AWS: Amazon EKS; Google Cloud: Google Kubernetes Engine | Grade: partial | Caveat: Compare the operating mode, not just the Kubernetes service name. GKE Autopilot, EKS Auto Mode, and AKS Automatic all reduce infrastructure management, with different node controls, workload constraints, upgrade behavior, and billing. They are relevant alternatives, not identical products. GKE Autopilot billing can depend on workload and compute class; do not assume every workload is billed only by requested pod resources. Check the selected mode, region, and supported features. | Sources: https://docs.aws.amazon.com/eks/latest/userguide/automode.html, https://learn.microsoft.com/en-us/azure/aks/intro-aks-automatic, https://docs.cloud.google.com/kubernetes-engine/docs/concepts/autopilot-overview	compute mapping partial
Google Cloud Google Kubernetes Engine — compare the purpose and limits elsewhere.	AWS: Amazon EKS; Azure: Azure Kubernetes Service | Grade: partial | Caveat: Compare the operating mode, not just the Kubernetes service name. GKE Autopilot, EKS Auto Mode, and AKS Automatic all reduce infrastructure management, with different node controls, workload constraints, upgrade behavior, and billing. They are relevant alternatives, not identical products. GKE Autopilot billing can depend on workload and compute class; do not assume every workload is billed only by requested pod resources. Check the selected mode, region, and supported features. | Sources: https://docs.aws.amazon.com/eks/latest/userguide/automode.html, https://learn.microsoft.com/en-us/azure/aks/intro-aks-automatic, https://docs.cloud.google.com/kubernetes-engine/docs/concepts/autopilot-overview	compute mapping partial
Managed Kubernetes — where does the mapping break?	Compare the operating mode, not just the Kubernetes service name. GKE Autopilot, EKS Auto Mode, and AKS Automatic all reduce infrastructure management, with different node controls, workload constraints, upgrade behavior, and billing. They are relevant alternatives, not identical products. GKE Autopilot billing can depend on workload and compute class; do not assume every workload is billed only by requested pod resources. Check the selected mode, region, and supported features. | Sources: https://docs.aws.amazon.com/eks/latest/userguide/automode.html, https://learn.microsoft.com/en-us/azure/aks/intro-aks-automatic, https://docs.cloud.google.com/kubernetes-engine/docs/concepts/autopilot-overview	compute gotcha regular
AWS AWS Elastic Beanstalk — compare the purpose and limits elsewhere.	Azure: Azure App Service; Google Cloud: App Engine | Grade: partial | Caveat: The deployment and operating units differ. Azure App Service has deployment slots; Elastic Beanstalk manages visible AWS resources and supports blue/green deployment through environment URL swaps; App Engine supports versions and traffic allocation. These are related release patterns with different configuration, scaling, and rollback behavior. Compare the runtime, plan, and deployment unit rather than claiming that staging exists in only one cloud. | Sources: https://learn.microsoft.com/en-us/azure/app-service/deploy-staging-slots, https://docs.aws.amazon.com/elasticbeanstalk/latest/dg/using-features.CNAMESwap.html, https://docs.cloud.google.com/appengine/docs/standard/splitting-traffic	compute mapping partial
Azure Azure App Service — compare the purpose and limits elsewhere.	AWS: AWS Elastic Beanstalk; Google Cloud: App Engine | Grade: partial | Caveat: The deployment and operating units differ. Azure App Service has deployment slots; Elastic Beanstalk manages visible AWS resources and supports blue/green deployment through environment URL swaps; App Engine supports versions and traffic allocation. These are related release patterns with different configuration, scaling, and rollback behavior. Compare the runtime, plan, and deployment unit rather than claiming that staging exists in only one cloud. | Sources: https://learn.microsoft.com/en-us/azure/app-service/deploy-staging-slots, https://docs.aws.amazon.com/elasticbeanstalk/latest/dg/using-features.CNAMESwap.html, https://docs.cloud.google.com/appengine/docs/standard/splitting-traffic	compute mapping partial
Google Cloud App Engine — compare the purpose and limits elsewhere.	AWS: AWS Elastic Beanstalk; Azure: Azure App Service | Grade: partial | Caveat: The deployment and operating units differ. Azure App Service has deployment slots; Elastic Beanstalk manages visible AWS resources and supports blue/green deployment through environment URL swaps; App Engine supports versions and traffic allocation. These are related release patterns with different configuration, scaling, and rollback behavior. Compare the runtime, plan, and deployment unit rather than claiming that staging exists in only one cloud. | Sources: https://learn.microsoft.com/en-us/azure/app-service/deploy-staging-slots, https://docs.aws.amazon.com/elasticbeanstalk/latest/dg/using-features.CNAMESwap.html, https://docs.cloud.google.com/appengine/docs/standard/splitting-traffic	compute mapping partial
Deploy code, platform manages the runtime — where does the mapping break?	The deployment and operating units differ. Azure App Service has deployment slots; Elastic Beanstalk manages visible AWS resources and supports blue/green deployment through environment URL swaps; App Engine supports versions and traffic allocation. These are related release patterns with different configuration, scaling, and rollback behavior. Compare the runtime, plan, and deployment unit rather than claiming that staging exists in only one cloud. | Sources: https://learn.microsoft.com/en-us/azure/app-service/deploy-staging-slots, https://docs.aws.amazon.com/elasticbeanstalk/latest/dg/using-features.CNAMESwap.html, https://docs.cloud.google.com/appengine/docs/standard/splitting-traffic	compute gotcha regular
AWS EC2 Spot Instances — compare the purpose and limits elsewhere.	Azure: Azure Spot Virtual Machines; Google Cloud: Spot VMs | Grade: exact | Caveat: All three can reclaim this discounted capacity. Interruption handling, availability and pricing rules differ. Google Spot VMs and older preemptible VMs are distinct provisioning models: the older model has a 24-hour runtime limit; Spot VMs do not have that fixed limit. Design for loss of instances and uncertain replacement capacity. | Sources: https://docs.aws.amazon.com/AWSEC2/latest/UserGuide/using-spot-instances.html, https://learn.microsoft.com/en-us/azure/virtual-machines/spot-vms, https://docs.cloud.google.com/compute/docs/instances/spot	compute mapping exact
Azure Azure Spot Virtual Machines — compare the purpose and limits elsewhere.	AWS: EC2 Spot Instances; Google Cloud: Spot VMs | Grade: exact | Caveat: All three can reclaim this discounted capacity. Interruption handling, availability and pricing rules differ. Google Spot VMs and older preemptible VMs are distinct provisioning models: the older model has a 24-hour runtime limit; Spot VMs do not have that fixed limit. Design for loss of instances and uncertain replacement capacity. | Sources: https://docs.aws.amazon.com/AWSEC2/latest/UserGuide/using-spot-instances.html, https://learn.microsoft.com/en-us/azure/virtual-machines/spot-vms, https://docs.cloud.google.com/compute/docs/instances/spot	compute mapping exact
Google Cloud Spot VMs — compare the purpose and limits elsewhere.	AWS: EC2 Spot Instances; Azure: Azure Spot Virtual Machines | Grade: exact | Caveat: All three can reclaim this discounted capacity. Interruption handling, availability and pricing rules differ. Google Spot VMs and older preemptible VMs are distinct provisioning models: the older model has a 24-hour runtime limit; Spot VMs do not have that fixed limit. Design for loss of instances and uncertain replacement capacity. | Sources: https://docs.aws.amazon.com/AWSEC2/latest/UserGuide/using-spot-instances.html, https://learn.microsoft.com/en-us/azure/virtual-machines/spot-vms, https://docs.cloud.google.com/compute/docs/instances/spot	compute mapping exact
AWS Amazon RDS — compare the purpose and limits elsewhere.	Azure: Azure SQL Database, or Azure Database for PostgreSQL and MySQL; Google Cloud: Cloud SQL | Grade: partial | Caveat: Azure splits by engine into separate products, whereas RDS and Cloud SQL are one product with an engine choice. Azure SQL Database is also not simply hosted SQL Server: it is a platform service with its own feature set, distinct from Azure SQL Managed Instance, which is the closer match for lifting an existing SQL Server across. Picking between Database, Managed Instance and SQL on a VM is a recurring AZ-305 question. | Sources: https://docs.aws.amazon.com/AmazonRDS/latest/UserGuide/Welcome.html, https://learn.microsoft.com/en-us/azure/azure-sql/database/sql-database-paas-overview, https://docs.cloud.google.com/sql/docs/introduction	databases mapping partial
Azure Azure SQL Database, or Azure Database for PostgreSQL and MySQL — compare the purpose and limits elsewhere.	AWS: Amazon RDS; Google Cloud: Cloud SQL | Grade: partial | Caveat: Azure splits by engine into separate products, whereas RDS and Cloud SQL are one product with an engine choice. Azure SQL Database is also not simply hosted SQL Server: it is a platform service with its own feature set, distinct from Azure SQL Managed Instance, which is the closer match for lifting an existing SQL Server across. Picking between Database, Managed Instance and SQL on a VM is a recurring AZ-305 question. | Sources: https://docs.aws.amazon.com/AmazonRDS/latest/UserGuide/Welcome.html, https://learn.microsoft.com/en-us/azure/azure-sql/database/sql-database-paas-overview, https://docs.cloud.google.com/sql/docs/introduction	databases mapping partial
Google Cloud Cloud SQL — compare the purpose and limits elsewhere.	AWS: Amazon RDS; Azure: Azure SQL Database, or Azure Database for PostgreSQL and MySQL | Grade: partial | Caveat: Azure splits by engine into separate products, whereas RDS and Cloud SQL are one product with an engine choice. Azure SQL Database is also not simply hosted SQL Server: it is a platform service with its own feature set, distinct from Azure SQL Managed Instance, which is the closer match for lifting an existing SQL Server across. Picking between Database, Managed Instance and SQL on a VM is a recurring AZ-305 question. | Sources: https://docs.aws.amazon.com/AmazonRDS/latest/UserGuide/Welcome.html, https://learn.microsoft.com/en-us/azure/azure-sql/database/sql-database-paas-overview, https://docs.cloud.google.com/sql/docs/introduction	databases mapping partial
Managed relational database — where does the mapping break?	Azure splits by engine into separate products, whereas RDS and Cloud SQL are one product with an engine choice. Azure SQL Database is also not simply hosted SQL Server: it is a platform service with its own feature set, distinct from Azure SQL Managed Instance, which is the closer match for lifting an existing SQL Server across. Picking between Database, Managed Instance and SQL on a VM is a recurring AZ-305 question. | Sources: https://docs.aws.amazon.com/AmazonRDS/latest/UserGuide/Welcome.html, https://learn.microsoft.com/en-us/azure/azure-sql/database/sql-database-paas-overview, https://docs.cloud.google.com/sql/docs/introduction	databases gotcha regular
AWS RDS Multi-AZ DB instance or DB cluster; read replica — compare the purpose and limits elsewhere.	Azure: Zone-redundant configuration, versus geo-replica; Google Cloud: Regional instance, versus read replica | Grade: partial | Caveat: In RDS, a Multi-AZ DB instance has a non-readable standby, while a Multi-AZ DB cluster has two readable standby instances with semisynchronous replication that also support failover. Ordinary RDS read replicas are a separate asynchronous replication mechanism; do not infer automatic failover from readability. Azure SQL Database zone redundancy and read scale-out depend on service tier; active geo-replication is a separate readable asynchronous copy. Cloud SQL for MySQL regional HA uses a standby for failover; a read replica serves reads separately. Specify the engine, deployment type, and failure scope before choosing. | Sources: https://docs.aws.amazon.com/AmazonRDS/latest/UserGuide/Concepts.MultiAZ.html, https://docs.aws.amazon.com/AmazonRDS/latest/UserGuide/USER_ReadRepl.html, https://learn.microsoft.com/en-us/azure/azure-sql/database/high-availability-sla, https://learn.microsoft.com/en-us/azure/azure-sql/database/active-geo-replication-overview, https://docs.cloud.google.com/sql/docs/mysql/high-availability, https://docs.aws.amazon.com/AmazonRDS/latest/UserGuide/multi-az-db-clusters-concepts.html	databases mapping partial
Azure Zone-redundant configuration, versus geo-replica — compare the purpose and limits elsewhere.	AWS: RDS Multi-AZ DB instance or DB cluster; read replica; Google Cloud: Regional instance, versus read replica | Grade: partial | Caveat: In RDS, a Multi-AZ DB instance has a non-readable standby, while a Multi-AZ DB cluster has two readable standby instances with semisynchronous replication that also support failover. Ordinary RDS read replicas are a separate asynchronous replication mechanism; do not infer automatic failover from readability. Azure SQL Database zone redundancy and read scale-out depend on service tier; active geo-replication is a separate readable asynchronous copy. Cloud SQL for MySQL regional HA uses a standby for failover; a read replica serves reads separately. Specify the engine, deployment type, and failure scope before choosing. | Sources: https://docs.aws.amazon.com/AmazonRDS/latest/UserGuide/Concepts.MultiAZ.html, https://docs.aws.amazon.com/AmazonRDS/latest/UserGuide/USER_ReadRepl.html, https://learn.microsoft.com/en-us/azure/azure-sql/database/high-availability-sla, https://learn.microsoft.com/en-us/azure/azure-sql/database/active-geo-replication-overview, https://docs.cloud.google.com/sql/docs/mysql/high-availability, https://docs.aws.amazon.com/AmazonRDS/latest/UserGuide/multi-az-db-clusters-concepts.html	databases mapping partial
Google Cloud Regional instance, versus read replica — compare the purpose and limits elsewhere.	AWS: RDS Multi-AZ DB instance or DB cluster; read replica; Azure: Zone-redundant configuration, versus geo-replica | Grade: partial | Caveat: In RDS, a Multi-AZ DB instance has a non-readable standby, while a Multi-AZ DB cluster has two readable standby instances with semisynchronous replication that also support failover. Ordinary RDS read replicas are a separate asynchronous replication mechanism; do not infer automatic failover from readability. Azure SQL Database zone redundancy and read scale-out depend on service tier; active geo-replication is a separate readable asynchronous copy. Cloud SQL for MySQL regional HA uses a standby for failover; a read replica serves reads separately. Specify the engine, deployment type, and failure scope before choosing. | Sources: https://docs.aws.amazon.com/AmazonRDS/latest/UserGuide/Concepts.MultiAZ.html, https://docs.aws.amazon.com/AmazonRDS/latest/UserGuide/USER_ReadRepl.html, https://learn.microsoft.com/en-us/azure/azure-sql/database/high-availability-sla, https://learn.microsoft.com/en-us/azure/azure-sql/database/active-geo-replication-overview, https://docs.cloud.google.com/sql/docs/mysql/high-availability, https://docs.aws.amazon.com/AmazonRDS/latest/UserGuide/multi-az-db-clusters-concepts.html	databases mapping partial
High availability versus read scaling on a relational database — where does the mapping break?	In RDS, a Multi-AZ DB instance has a non-readable standby, while a Multi-AZ DB cluster has two readable standby instances with semisynchronous replication that also support failover. Ordinary RDS read replicas are a separate asynchronous replication mechanism; do not infer automatic failover from readability. Azure SQL Database zone redundancy and read scale-out depend on service tier; active geo-replication is a separate readable asynchronous copy. Cloud SQL for MySQL regional HA uses a standby for failover; a read replica serves reads separately. Specify the engine, deployment type, and failure scope before choosing. | Sources: https://docs.aws.amazon.com/AmazonRDS/latest/UserGuide/Concepts.MultiAZ.html, https://docs.aws.amazon.com/AmazonRDS/latest/UserGuide/USER_ReadRepl.html, https://learn.microsoft.com/en-us/azure/azure-sql/database/high-availability-sla, https://learn.microsoft.com/en-us/azure/azure-sql/database/active-geo-replication-overview, https://docs.cloud.google.com/sql/docs/mysql/high-availability, https://docs.aws.amazon.com/AmazonRDS/latest/UserGuide/multi-az-db-clusters-concepts.html	databases gotcha serious
AWS Amazon DynamoDB — compare the purpose and limits elsewhere.	Azure: Azure Cosmos DB; Google Cloud: Firestore, or Bigtable | Grade: none | Caveat: These products share some workloads but differ in data model and consistency controls. DynamoDB supports key-value and document data; Cosmos DB capabilities depend on the selected API. Firestore is document-oriented; Bigtable uses a wide-column model. Choose from required queries, transactions, consistency, throughput, and regional design, rather than translating a product name. A provider may offer several relevant database products beyond this shortlist. | Sources: https://docs.aws.amazon.com/amazondynamodb/latest/developerguide/Introduction.html, https://learn.microsoft.com/en-us/azure/cosmos-db/introduction, https://docs.cloud.google.com/firestore/docs/overview	databases mapping none
Azure Azure Cosmos DB — compare the purpose and limits elsewhere.	AWS: Amazon DynamoDB; Google Cloud: Firestore, or Bigtable | Grade: none | Caveat: These products share some workloads but differ in data model and consistency controls. DynamoDB supports key-value and document data; Cosmos DB capabilities depend on the selected API. Firestore is document-oriented; Bigtable uses a wide-column model. Choose from required queries, transactions, consistency, throughput, and regional design, rather than translating a product name. A provider may offer several relevant database products beyond this shortlist. | Sources: https://docs.aws.amazon.com/amazondynamodb/latest/developerguide/Introduction.html, https://learn.microsoft.com/en-us/azure/cosmos-db/introduction, https://docs.cloud.google.com/firestore/docs/overview	databases mapping none
Google Cloud Firestore, or Bigtable — compare the purpose and limits elsewhere.	AWS: Amazon DynamoDB; Azure: Azure Cosmos DB | Grade: none | Caveat: These products share some workloads but differ in data model and consistency controls. DynamoDB supports key-value and document data; Cosmos DB capabilities depend on the selected API. Firestore is document-oriented; Bigtable uses a wide-column model. Choose from required queries, transactions, consistency, throughput, and regional design, rather than translating a product name. A provider may offer several relevant database products beyond this shortlist. | Sources: https://docs.aws.amazon.com/amazondynamodb/latest/developerguide/Introduction.html, https://learn.microsoft.com/en-us/azure/cosmos-db/introduction, https://docs.cloud.google.com/firestore/docs/overview	databases mapping none
Managed key-value or document NoSQL — where does the mapping break?	These products share some workloads but differ in data model and consistency controls. DynamoDB supports key-value and document data; Cosmos DB capabilities depend on the selected API. Firestore is document-oriented; Bigtable uses a wide-column model. Choose from required queries, transactions, consistency, throughput, and regional design, rather than translating a product name. A provider may offer several relevant database products beyond this shortlist. | Sources: https://docs.aws.amazon.com/amazondynamodb/latest/developerguide/Introduction.html, https://learn.microsoft.com/en-us/azure/cosmos-db/introduction, https://docs.cloud.google.com/firestore/docs/overview	databases gotcha regular
AWS Amazon Redshift — compare the purpose and limits elsewhere.	Azure: Microsoft Fabric Warehouse or Azure Synapse Analytics; Google Cloud: BigQuery | Grade: partial | Caveat: Compare the actual deployment model: provisioned or serverless Redshift, Fabric Warehouse or Synapse SQL options, and BigQuery. Provisioned clusters and consumption-oriented services expose different capacity and cost controls. Fabric and Synapse are separate choices; retirement of an exam is not proof that a service is retired. Evaluate existing integrations, workload, governance, and purchasing model. | Sources: https://learn.microsoft.com/en-us/azure/synapse-analytics/overview-what-is, https://learn.microsoft.com/en-us/fabric/data-warehouse/data-warehousing, https://docs.aws.amazon.com/redshift/latest/mgmt/working-with-serverless.html, https://docs.cloud.google.com/bigquery/docs/introduction	databases mapping partial
Azure Microsoft Fabric Warehouse or Azure Synapse Analytics — compare the purpose and limits elsewhere.	AWS: Amazon Redshift; Google Cloud: BigQuery | Grade: partial | Caveat: Compare the actual deployment model: provisioned or serverless Redshift, Fabric Warehouse or Synapse SQL options, and BigQuery. Provisioned clusters and consumption-oriented services expose different capacity and cost controls. Fabric and Synapse are separate choices; retirement of an exam is not proof that a service is retired. Evaluate existing integrations, workload, governance, and purchasing model. | Sources: https://learn.microsoft.com/en-us/azure/synapse-analytics/overview-what-is, https://learn.microsoft.com/en-us/fabric/data-warehouse/data-warehousing, https://docs.aws.amazon.com/redshift/latest/mgmt/working-with-serverless.html, https://docs.cloud.google.com/bigquery/docs/introduction	databases mapping partial
Google Cloud BigQuery — compare the purpose and limits elsewhere.	AWS: Amazon Redshift; Azure: Microsoft Fabric Warehouse or Azure Synapse Analytics | Grade: partial | Caveat: Compare the actual deployment model: provisioned or serverless Redshift, Fabric Warehouse or Synapse SQL options, and BigQuery. Provisioned clusters and consumption-oriented services expose different capacity and cost controls. Fabric and Synapse are separate choices; retirement of an exam is not proof that a service is retired. Evaluate existing integrations, workload, governance, and purchasing model. | Sources: https://learn.microsoft.com/en-us/azure/synapse-analytics/overview-what-is, https://learn.microsoft.com/en-us/fabric/data-warehouse/data-warehousing, https://docs.aws.amazon.com/redshift/latest/mgmt/working-with-serverless.html, https://docs.cloud.google.com/bigquery/docs/introduction	databases mapping partial
Analytical data warehouse — where does the mapping break?	Compare the actual deployment model: provisioned or serverless Redshift, Fabric Warehouse or Synapse SQL options, and BigQuery. Provisioned clusters and consumption-oriented services expose different capacity and cost controls. Fabric and Synapse are separate choices; retirement of an exam is not proof that a service is retired. Evaluate existing integrations, workload, governance, and purchasing model. | Sources: https://learn.microsoft.com/en-us/azure/synapse-analytics/overview-what-is, https://learn.microsoft.com/en-us/fabric/data-warehouse/data-warehousing, https://docs.aws.amazon.com/redshift/latest/mgmt/working-with-serverless.html, https://docs.cloud.google.com/bigquery/docs/introduction	databases gotcha regular
AWS Amazon ElastiCache — compare the purpose and limits elsewhere.	Azure: Azure Managed Redis; Google Cloud: Memorystore | Grade: partial | Caveat: An in-memory cache is a shared concept, but engine/version support, persistence, clustering, failover, and networking depend on the product and tier. Microsoft is moving Azure Cache for Redis users to Azure Managed Redis on a published schedule. A new design should compare current offerings rather than treating an old cache name as a stable equivalent. | Sources: https://learn.microsoft.com/en-us/azure/azure-cache-for-redis/retirement-faq, https://docs.aws.amazon.com/AmazonElastiCache/latest/dg/WhatIs.html, https://docs.cloud.google.com/memorystore/docs/redis/redis-overview	databases mapping partial
Azure Azure Managed Redis — compare the purpose and limits elsewhere.	AWS: Amazon ElastiCache; Google Cloud: Memorystore | Grade: partial | Caveat: An in-memory cache is a shared concept, but engine/version support, persistence, clustering, failover, and networking depend on the product and tier. Microsoft is moving Azure Cache for Redis users to Azure Managed Redis on a published schedule. A new design should compare current offerings rather than treating an old cache name as a stable equivalent. | Sources: https://learn.microsoft.com/en-us/azure/azure-cache-for-redis/retirement-faq, https://docs.aws.amazon.com/AmazonElastiCache/latest/dg/WhatIs.html, https://docs.cloud.google.com/memorystore/docs/redis/redis-overview	databases mapping partial
Google Cloud Memorystore — compare the purpose and limits elsewhere.	AWS: Amazon ElastiCache; Azure: Azure Managed Redis | Grade: partial | Caveat: An in-memory cache is a shared concept, but engine/version support, persistence, clustering, failover, and networking depend on the product and tier. Microsoft is moving Azure Cache for Redis users to Azure Managed Redis on a published schedule. A new design should compare current offerings rather than treating an old cache name as a stable equivalent. | Sources: https://learn.microsoft.com/en-us/azure/azure-cache-for-redis/retirement-faq, https://docs.aws.amazon.com/AmazonElastiCache/latest/dg/WhatIs.html, https://docs.cloud.google.com/memorystore/docs/redis/redis-overview	databases mapping partial
Managed in-memory cache — where does the mapping break?	An in-memory cache is a shared concept, but engine/version support, persistence, clustering, failover, and networking depend on the product and tier. Microsoft is moving Azure Cache for Redis users to Azure Managed Redis on a published schedule. A new design should compare current offerings rather than treating an old cache name as a stable equivalent. | Sources: https://learn.microsoft.com/en-us/azure/azure-cache-for-redis/retirement-faq, https://docs.aws.amazon.com/AmazonElastiCache/latest/dg/WhatIs.html, https://docs.cloud.google.com/memorystore/docs/redis/redis-overview	databases gotcha tip
AWS Amazon Kinesis Data Streams, and separately SNS and SQS — compare the purpose and limits elsewhere.	Azure: Azure Event Hubs, and separately Service Bus and Event Grid; Google Cloud: Pub/Sub | Grade: none | Caveat: Queue processing, event routing, topic fan-out, and replayable streams are distinct requirements. AWS offers Kinesis, SQS, and SNS; Azure offers Event Hubs, Service Bus, and Event Grid; Google Pub/Sub overlaps several of these workloads. Compare ordering scope, acknowledgements, replay/retention, transactions, and delivery semantics for the chosen service. A queue requirement does not by itself select a streaming service. | Sources: https://docs.aws.amazon.com/streams/latest/dev/introduction.html, https://learn.microsoft.com/en-us/azure/event-hubs/event-hubs-about, https://docs.cloud.google.com/pubsub/docs/overview	databases mapping none
Azure Azure Event Hubs, and separately Service Bus and Event Grid — compare the purpose and limits elsewhere.	AWS: Amazon Kinesis Data Streams, and separately SNS and SQS; Google Cloud: Pub/Sub | Grade: none | Caveat: Queue processing, event routing, topic fan-out, and replayable streams are distinct requirements. AWS offers Kinesis, SQS, and SNS; Azure offers Event Hubs, Service Bus, and Event Grid; Google Pub/Sub overlaps several of these workloads. Compare ordering scope, acknowledgements, replay/retention, transactions, and delivery semantics for the chosen service. A queue requirement does not by itself select a streaming service. | Sources: https://docs.aws.amazon.com/streams/latest/dev/introduction.html, https://learn.microsoft.com/en-us/azure/event-hubs/event-hubs-about, https://docs.cloud.google.com/pubsub/docs/overview	databases mapping none
Google Cloud Pub/Sub — compare the purpose and limits elsewhere.	AWS: Amazon Kinesis Data Streams, and separately SNS and SQS; Azure: Azure Event Hubs, and separately Service Bus and Event Grid | Grade: none | Caveat: Queue processing, event routing, topic fan-out, and replayable streams are distinct requirements. AWS offers Kinesis, SQS, and SNS; Azure offers Event Hubs, Service Bus, and Event Grid; Google Pub/Sub overlaps several of these workloads. Compare ordering scope, acknowledgements, replay/retention, transactions, and delivery semantics for the chosen service. A queue requirement does not by itself select a streaming service. | Sources: https://docs.aws.amazon.com/streams/latest/dev/introduction.html, https://learn.microsoft.com/en-us/azure/event-hubs/event-hubs-about, https://docs.cloud.google.com/pubsub/docs/overview	databases mapping none
Streaming ingestion and pub/sub messaging — where does the mapping break?	Queue processing, event routing, topic fan-out, and replayable streams are distinct requirements. AWS offers Kinesis, SQS, and SNS; Azure offers Event Hubs, Service Bus, and Event Grid; Google Pub/Sub overlaps several of these workloads. Compare ordering scope, acknowledgements, replay/retention, transactions, and delivery semantics for the chosen service. A queue requirement does not by itself select a streaming service. | Sources: https://docs.aws.amazon.com/streams/latest/dev/introduction.html, https://learn.microsoft.com/en-us/azure/event-hubs/event-hubs-about, https://docs.cloud.google.com/pubsub/docs/overview	databases gotcha regular
AWS Account — compare the purpose and limits elsewhere.	Azure: Subscription; Google Cloud: Project | Grade: partial | Caveat: An AWS account is a resource and IAM administration boundary, but workforce identities can be federated and Organizations can consolidate charges. Azure subscriptions are resource and billing scopes associated with an Entra tenant. Google projects hold workload resources and link to a billing account. Resource ownership, identity administration and payment responsibility must be designed separately in every cloud. | Sources: https://docs.cloud.google.com/resource-manager/docs/cloud-platform-resource-hierarchy, https://docs.aws.amazon.com/awsaccountbilling/latest/aboutv2/consolidated-billing.html	hierarchy mapping partial
Azure Subscription — compare the purpose and limits elsewhere.	AWS: Account; Google Cloud: Project | Grade: partial | Caveat: An AWS account is a resource and IAM administration boundary, but workforce identities can be federated and Organizations can consolidate charges. Azure subscriptions are resource and billing scopes associated with an Entra tenant. Google projects hold workload resources and link to a billing account. Resource ownership, identity administration and payment responsibility must be designed separately in every cloud. | Sources: https://docs.cloud.google.com/resource-manager/docs/cloud-platform-resource-hierarchy, https://docs.aws.amazon.com/awsaccountbilling/latest/aboutv2/consolidated-billing.html	hierarchy mapping partial
Google Cloud Project — compare the purpose and limits elsewhere.	AWS: Account; Azure: Subscription | Grade: partial | Caveat: An AWS account is a resource and IAM administration boundary, but workforce identities can be federated and Organizations can consolidate charges. Azure subscriptions are resource and billing scopes associated with an Entra tenant. Google projects hold workload resources and link to a billing account. Resource ownership, identity administration and payment responsibility must be designed separately in every cloud. | Sources: https://docs.cloud.google.com/resource-manager/docs/cloud-platform-resource-hierarchy, https://docs.aws.amazon.com/awsaccountbilling/latest/aboutv2/consolidated-billing.html	hierarchy mapping partial
The primary workload isolation boundary — where does the mapping break?	An AWS account is a resource and IAM administration boundary, but workforce identities can be federated and Organizations can consolidate charges. Azure subscriptions are resource and billing scopes associated with an Entra tenant. Google projects hold workload resources and link to a billing account. Resource ownership, identity administration and payment responsibility must be designed separately in every cloud. | Sources: https://docs.cloud.google.com/resource-manager/docs/cloud-platform-resource-hierarchy, https://docs.aws.amazon.com/awsaccountbilling/latest/aboutv2/consolidated-billing.html	hierarchy gotcha serious
AWS Organizational unit — compare the purpose and limits elsewhere.	Azure: Management group; Google Cloud: Folder | Grade: partial | Caveat: OUs, management groups and folders organize workload boundaries and inherited policy; they are not geographic regions. Their nesting limits differ. A Google folder must be empty before deletion. Consult current quotas rather than assuming identical depths or lifecycle behavior. | Sources: https://docs.aws.amazon.com/organizations/latest/userguide/orgs_reference_limits.html, https://learn.microsoft.com/en-us/azure/governance/management-groups/overview, https://docs.cloud.google.com/resource-manager/docs/limits, https://docs.cloud.google.com/resource-manager/docs/creating-managing-folders	hierarchy mapping partial
Azure Management group — compare the purpose and limits elsewhere.	AWS: Organizational unit; Google Cloud: Folder | Grade: partial | Caveat: OUs, management groups and folders organize workload boundaries and inherited policy; they are not geographic regions. Their nesting limits differ. A Google folder must be empty before deletion. Consult current quotas rather than assuming identical depths or lifecycle behavior. | Sources: https://docs.aws.amazon.com/organizations/latest/userguide/orgs_reference_limits.html, https://learn.microsoft.com/en-us/azure/governance/management-groups/overview, https://docs.cloud.google.com/resource-manager/docs/limits, https://docs.cloud.google.com/resource-manager/docs/creating-managing-folders	hierarchy mapping partial
Google Cloud Folder — compare the purpose and limits elsewhere.	AWS: Organizational unit; Azure: Management group | Grade: partial | Caveat: OUs, management groups and folders organize workload boundaries and inherited policy; they are not geographic regions. Their nesting limits differ. A Google folder must be empty before deletion. Consult current quotas rather than assuming identical depths or lifecycle behavior. | Sources: https://docs.aws.amazon.com/organizations/latest/userguide/orgs_reference_limits.html, https://learn.microsoft.com/en-us/azure/governance/management-groups/overview, https://docs.cloud.google.com/resource-manager/docs/limits, https://docs.cloud.google.com/resource-manager/docs/creating-managing-folders	hierarchy mapping partial
Grouping container above the isolation boundary — where does the mapping break?	OUs, management groups and folders organize workload boundaries and inherited policy; they are not geographic regions. Their nesting limits differ. A Google folder must be empty before deletion. Consult current quotas rather than assuming identical depths or lifecycle behavior. | Sources: https://docs.aws.amazon.com/organizations/latest/userguide/orgs_reference_limits.html, https://learn.microsoft.com/en-us/azure/governance/management-groups/overview, https://docs.cloud.google.com/resource-manager/docs/limits, https://docs.cloud.google.com/resource-manager/docs/creating-managing-folders	hierarchy gotcha regular
AWS Resource group — compare the purpose and limits elsewhere.	Azure: Resource group; Google Cloud: no equivalent | Grade: none | Caveat: An Azure resource group is a lifecycle and management scope for resources deployed at resource-group scope. Deleting the group initiates deletion of its contents, subject to locks, dependencies, and service behavior. An AWS Resource Group is a grouping/query construct; deleting that group does not delete its member resources. Google projects and labels provide different grouping boundaries. Not every Azure resource type is deployed at resource-group scope. | Sources: https://learn.microsoft.com/en-us/azure/azure-resource-manager/management/overview	hierarchy mapping none
Azure Resource group — compare the purpose and limits elsewhere.	AWS: Resource group; Google Cloud: no equivalent | Grade: none | Caveat: An Azure resource group is a lifecycle and management scope for resources deployed at resource-group scope. Deleting the group initiates deletion of its contents, subject to locks, dependencies, and service behavior. An AWS Resource Group is a grouping/query construct; deleting that group does not delete its member resources. Google projects and labels provide different grouping boundaries. Not every Azure resource type is deployed at resource-group scope. | Sources: https://learn.microsoft.com/en-us/azure/azure-resource-manager/management/overview	hierarchy mapping none
Grouping container below the isolation boundary — where does the mapping break?	An Azure resource group is a lifecycle and management scope for resources deployed at resource-group scope. Deleting the group initiates deletion of its contents, subject to locks, dependencies, and service behavior. An AWS Resource Group is a grouping/query construct; deleting that group does not delete its member resources. Google projects and labels provide different grouping boundaries. Not every Azure resource type is deployed at resource-group scope. | Sources: https://learn.microsoft.com/en-us/azure/azure-resource-manager/management/overview	hierarchy gotcha serious
AWS VPC, regional — compare the purpose and limits elsewhere.	Azure: Virtual network, regional; Google Cloud: VPC network, global | Grade: none | Caveat: A Google VPC is a global object spanning every region and carries no CIDR of its own; the subnets hold the ranges and are regional. One Google VPC can contain instances in Tokyo and Frankfurt that route to each other over Google's backbone with no peering. AWS and Azure networks are regional, so the same design needs peering or a transit construct. An AWS subnet additionally lives in exactly one availability zone, whereas Azure and Google subnets are regional and span zones. | Sources: https://docs.cloud.google.com/vpc/docs/vpc	hierarchy mapping none
Azure Virtual network, regional — compare the purpose and limits elsewhere.	AWS: VPC, regional; Google Cloud: VPC network, global | Grade: none | Caveat: A Google VPC is a global object spanning every region and carries no CIDR of its own; the subnets hold the ranges and are regional. One Google VPC can contain instances in Tokyo and Frankfurt that route to each other over Google's backbone with no peering. AWS and Azure networks are regional, so the same design needs peering or a transit construct. An AWS subnet additionally lives in exactly one availability zone, whereas Azure and Google subnets are regional and span zones. | Sources: https://docs.cloud.google.com/vpc/docs/vpc	hierarchy mapping none
Google Cloud VPC network, global — compare the purpose and limits elsewhere.	AWS: VPC, regional; Azure: Virtual network, regional | Grade: none | Caveat: A Google VPC is a global object spanning every region and carries no CIDR of its own; the subnets hold the ranges and are regional. One Google VPC can contain instances in Tokyo and Frankfurt that route to each other over Google's backbone with no peering. AWS and Azure networks are regional, so the same design needs peering or a transit construct. An AWS subnet additionally lives in exactly one availability zone, whereas Azure and Google subnets are regional and span zones. | Sources: https://docs.cloud.google.com/vpc/docs/vpc	hierarchy mapping none
Scope of the virtual network object — where does the mapping break?	A Google VPC is a global object spanning every region and carries no CIDR of its own; the subnets hold the ranges and are regional. One Google VPC can contain instances in Tokyo and Frankfurt that route to each other over Google's backbone with no peering. AWS and Azure networks are regional, so the same design needs peering or a transit construct. An AWS subnet additionally lives in exactly one availability zone, whereas Azure and Google subnets are regional and span zones. | Sources: https://docs.cloud.google.com/vpc/docs/vpc	hierarchy gotcha serious
AWS Availability Zone — compare the purpose and limits elsewhere.	Azure: Availability zone; Google Cloud: Zone | Grade: partial | Caveat: An Azure availability set distributes VMs across fault and update domains; it does not provide protection from losing a whole datacenter. Zone resilience requires resources distributed across zones and a working failover design, not simply selecting one zone. AWS AZ names can map differently between accounts; use AZ IDs when physical alignment matters. | Sources: https://learn.microsoft.com/en-us/azure/reliability/availability-zones-overview, https://docs.aws.amazon.com/ram/latest/userguide/working-with-az-ids.html, https://learn.microsoft.com/en-us/azure/virtual-machines/availability-set-overview	hierarchy mapping partial
Azure Availability zone — compare the purpose and limits elsewhere.	AWS: Availability Zone; Google Cloud: Zone | Grade: partial | Caveat: An Azure availability set distributes VMs across fault and update domains; it does not provide protection from losing a whole datacenter. Zone resilience requires resources distributed across zones and a working failover design, not simply selecting one zone. AWS AZ names can map differently between accounts; use AZ IDs when physical alignment matters. | Sources: https://learn.microsoft.com/en-us/azure/reliability/availability-zones-overview, https://docs.aws.amazon.com/ram/latest/userguide/working-with-az-ids.html, https://learn.microsoft.com/en-us/azure/virtual-machines/availability-set-overview	hierarchy mapping partial
Google Cloud Zone — compare the purpose and limits elsewhere.	AWS: Availability Zone; Azure: Availability zone | Grade: partial | Caveat: An Azure availability set distributes VMs across fault and update domains; it does not provide protection from losing a whole datacenter. Zone resilience requires resources distributed across zones and a working failover design, not simply selecting one zone. AWS AZ names can map differently between accounts; use AZ IDs when physical alignment matters. | Sources: https://learn.microsoft.com/en-us/azure/reliability/availability-zones-overview, https://docs.aws.amazon.com/ram/latest/userguide/working-with-az-ids.html, https://learn.microsoft.com/en-us/azure/virtual-machines/availability-set-overview	hierarchy mapping partial
Independent failure domain within a region — where does the mapping break?	An Azure availability set distributes VMs across fault and update domains; it does not provide protection from losing a whole datacenter. Zone resilience requires resources distributed across zones and a working failover design, not simply selecting one zone. AWS AZ names can map differently between accounts; use AZ IDs when physical alignment matters. | Sources: https://learn.microsoft.com/en-us/azure/reliability/availability-zones-overview, https://docs.aws.amazon.com/ram/latest/userguide/working-with-az-ids.html, https://learn.microsoft.com/en-us/azure/virtual-machines/availability-set-overview	hierarchy gotcha serious
AWS Service control policy — compare the purpose and limits elsewhere.	Azure: Azure Policy; Google Cloud: Organization policy constraint | Grade: partial | Caveat: An SCP restricts the permissions available to affected member-account principals and never grants access. SCPs do not restrict the management account or service-linked roles. Azure Policy and Google Organization Policy govern resource configuration; the supported effects and enforcement points differ. Check the applicable control, scope and exceptions rather than treating governance policy as a permission grant. | Sources: https://docs.aws.amazon.com/organizations/latest/userguide/orgs_reference_limits.html, https://learn.microsoft.com/en-us/azure/governance/policy/overview, https://docs.aws.amazon.com/organizations/latest/userguide/orgs_manage_policies_scps.html, https://docs.cloud.google.com/resource-manager/docs/organization-policy/overview	hierarchy mapping partial
Azure Azure Policy — compare the purpose and limits elsewhere.	AWS: Service control policy; Google Cloud: Organization policy constraint | Grade: partial | Caveat: An SCP restricts the permissions available to affected member-account principals and never grants access. SCPs do not restrict the management account or service-linked roles. Azure Policy and Google Organization Policy govern resource configuration; the supported effects and enforcement points differ. Check the applicable control, scope and exceptions rather than treating governance policy as a permission grant. | Sources: https://docs.aws.amazon.com/organizations/latest/userguide/orgs_reference_limits.html, https://learn.microsoft.com/en-us/azure/governance/policy/overview, https://docs.aws.amazon.com/organizations/latest/userguide/orgs_manage_policies_scps.html, https://docs.cloud.google.com/resource-manager/docs/organization-policy/overview	hierarchy mapping partial
Google Cloud Organization policy constraint — compare the purpose and limits elsewhere.	AWS: Service control policy; Azure: Azure Policy | Grade: partial | Caveat: An SCP restricts the permissions available to affected member-account principals and never grants access. SCPs do not restrict the management account or service-linked roles. Azure Policy and Google Organization Policy govern resource configuration; the supported effects and enforcement points differ. Check the applicable control, scope and exceptions rather than treating governance policy as a permission grant. | Sources: https://docs.aws.amazon.com/organizations/latest/userguide/orgs_reference_limits.html, https://learn.microsoft.com/en-us/azure/governance/policy/overview, https://docs.aws.amazon.com/organizations/latest/userguide/orgs_manage_policies_scps.html, https://docs.cloud.google.com/resource-manager/docs/organization-policy/overview	hierarchy mapping partial
Organization-wide preventive guardrail — where does the mapping break?	An SCP restricts the permissions available to affected member-account principals and never grants access. SCPs do not restrict the management account or service-linked roles. Azure Policy and Google Organization Policy govern resource configuration; the supported effects and enforcement points differ. Check the applicable control, scope and exceptions rather than treating governance policy as a permission grant. | Sources: https://docs.aws.amazon.com/organizations/latest/userguide/orgs_reference_limits.html, https://learn.microsoft.com/en-us/azure/governance/policy/overview, https://docs.aws.amazon.com/organizations/latest/userguide/orgs_manage_policies_scps.html, https://docs.cloud.google.com/resource-manager/docs/organization-policy/overview	hierarchy gotcha serious
AWS IAM role — compare the purpose and limits elsewhere.	Azure: Azure role definition; Google Cloud: IAM role | Grade: none | Caveat: These are different categories of object. An AWS role is an identity you assume, with its own temporary credentials issued by STS and a trust policy naming who may assume it. An Azure or Google role is a named set of permissions that carries no credentials and does nothing until assigned to a separate principal at a scope. The nearest AWS equivalent of an Azure or Google role is a managed policy; the nearest Azure or Google equivalent of an AWS role is a service principal or service account. | Sources: https://docs.aws.amazon.com/IAM/latest/UserGuide/id_roles.html	identity mapping none
Azure Azure role definition — compare the purpose and limits elsewhere.	AWS: IAM role; Google Cloud: IAM role | Grade: none | Caveat: These are different categories of object. An AWS role is an identity you assume, with its own temporary credentials issued by STS and a trust policy naming who may assume it. An Azure or Google role is a named set of permissions that carries no credentials and does nothing until assigned to a separate principal at a scope. The nearest AWS equivalent of an Azure or Google role is a managed policy; the nearest Azure or Google equivalent of an AWS role is a service principal or service account. | Sources: https://docs.aws.amazon.com/IAM/latest/UserGuide/id_roles.html	identity mapping none
Google Cloud IAM role — compare the purpose and limits elsewhere.	AWS: IAM role; Azure: Azure role definition | Grade: none | Caveat: These are different categories of object. An AWS role is an identity you assume, with its own temporary credentials issued by STS and a trust policy naming who may assume it. An Azure or Google role is a named set of permissions that carries no credentials and does nothing until assigned to a separate principal at a scope. The nearest AWS equivalent of an Azure or Google role is a managed policy; the nearest Azure or Google equivalent of an AWS role is a service principal or service account. | Sources: https://docs.aws.amazon.com/IAM/latest/UserGuide/id_roles.html	identity mapping none
"The object called a ""role"" — where does the mapping break?"	These are different categories of object. An AWS role is an identity you assume, with its own temporary credentials issued by STS and a trust policy naming who may assume it. An Azure or Google role is a named set of permissions that carries no credentials and does nothing until assigned to a separate principal at a scope. The nearest AWS equivalent of an Azure or Google role is a managed policy; the nearest Azure or Google equivalent of an AWS role is a service principal or service account. | Sources: https://docs.aws.amazon.com/IAM/latest/UserGuide/id_roles.html	identity gotcha serious
AWS IAM role via instance profile — compare the purpose and limits elsewhere.	Azure: Managed identity; Google Cloud: Attached service account | Grade: partial | Caveat: Azure system-assigned identities follow the resource lifecycle; user-assigned identities are independent. An EC2 role is attached through an instance profile; other AWS runtimes use their own role integration. In Google Cloud, permission to attach a service account (actAs) is distinct from permission to mint its credentials. Neither automatically grants the service account access to application data. | Sources: https://learn.microsoft.com/en-us/entra/identity/managed-identities-azure-resources/overview, https://docs.cloud.google.com/iam/docs/service-account-overview, https://docs.cloud.google.com/iam/docs/service-account-permissions	identity mapping partial
Azure Managed identity — compare the purpose and limits elsewhere.	AWS: IAM role via instance profile; Google Cloud: Attached service account | Grade: partial | Caveat: Azure system-assigned identities follow the resource lifecycle; user-assigned identities are independent. An EC2 role is attached through an instance profile; other AWS runtimes use their own role integration. In Google Cloud, permission to attach a service account (actAs) is distinct from permission to mint its credentials. Neither automatically grants the service account access to application data. | Sources: https://learn.microsoft.com/en-us/entra/identity/managed-identities-azure-resources/overview, https://docs.cloud.google.com/iam/docs/service-account-overview, https://docs.cloud.google.com/iam/docs/service-account-permissions	identity mapping partial
Google Cloud Attached service account — compare the purpose and limits elsewhere.	AWS: IAM role via instance profile; Azure: Managed identity | Grade: partial | Caveat: Azure system-assigned identities follow the resource lifecycle; user-assigned identities are independent. An EC2 role is attached through an instance profile; other AWS runtimes use their own role integration. In Google Cloud, permission to attach a service account (actAs) is distinct from permission to mint its credentials. Neither automatically grants the service account access to application data. | Sources: https://learn.microsoft.com/en-us/entra/identity/managed-identities-azure-resources/overview, https://docs.cloud.google.com/iam/docs/service-account-overview, https://docs.cloud.google.com/iam/docs/service-account-permissions	identity mapping partial
Credentials for compute without stored secrets — where does the mapping break?	Azure system-assigned identities follow the resource lifecycle; user-assigned identities are independent. An EC2 role is attached through an instance profile; other AWS runtimes use their own role integration. In Google Cloud, permission to attach a service account (actAs) is distinct from permission to mint its credentials. Neither automatically grants the service account access to application data. | Sources: https://learn.microsoft.com/en-us/entra/identity/managed-identities-azure-resources/overview, https://docs.cloud.google.com/iam/docs/service-account-overview, https://docs.cloud.google.com/iam/docs/service-account-permissions	identity gotcha serious
AWS IAM policy evaluation by request context — compare the purpose and limits elsewhere.	Azure: Deny assignment, then additive union of role assignments; Google Cloud: Deny policy, then additive union of allow policy bindings | Grade: none | Caveat: AWS evaluates applicable grants and restrictions rather than requiring an allow at every stage of a universal pipeline. Identity-based grants are constrained by boundaries and applicable organization or session policies. Same-account resource-based grants can behave differently depending on whether they name a user, role, or role session; an applicable explicit deny still wins. Azure RBAC and Google IAM allow grants inherit down their resource hierarchies, but deny controls and conditions must also be considered. A narrower role at a child scope does not remove an inherited grant. | Sources: https://docs.aws.amazon.com/IAM/latest/UserGuide/reference_policies_evaluation-logic.html, https://docs.aws.amazon.com/IAM/latest/UserGuide/access_policies_boundaries.html, https://learn.microsoft.com/en-us/azure/role-based-access-control/overview, https://docs.cloud.google.com/iam/docs/deny-overview	identity mapping none
Azure Deny assignment, then additive union of role assignments — compare the purpose and limits elsewhere.	AWS: IAM policy evaluation by request context; Google Cloud: Deny policy, then additive union of allow policy bindings | Grade: none | Caveat: AWS evaluates applicable grants and restrictions rather than requiring an allow at every stage of a universal pipeline. Identity-based grants are constrained by boundaries and applicable organization or session policies. Same-account resource-based grants can behave differently depending on whether they name a user, role, or role session; an applicable explicit deny still wins. Azure RBAC and Google IAM allow grants inherit down their resource hierarchies, but deny controls and conditions must also be considered. A narrower role at a child scope does not remove an inherited grant. | Sources: https://docs.aws.amazon.com/IAM/latest/UserGuide/reference_policies_evaluation-logic.html, https://docs.aws.amazon.com/IAM/latest/UserGuide/access_policies_boundaries.html, https://learn.microsoft.com/en-us/azure/role-based-access-control/overview, https://docs.cloud.google.com/iam/docs/deny-overview	identity mapping none
Google Cloud Deny policy, then additive union of allow policy bindings — compare the purpose and limits elsewhere.	AWS: IAM policy evaluation by request context; Azure: Deny assignment, then additive union of role assignments | Grade: none | Caveat: AWS evaluates applicable grants and restrictions rather than requiring an allow at every stage of a universal pipeline. Identity-based grants are constrained by boundaries and applicable organization or session policies. Same-account resource-based grants can behave differently depending on whether they name a user, role, or role session; an applicable explicit deny still wins. Azure RBAC and Google IAM allow grants inherit down their resource hierarchies, but deny controls and conditions must also be considered. A narrower role at a child scope does not remove an inherited grant. | Sources: https://docs.aws.amazon.com/IAM/latest/UserGuide/reference_policies_evaluation-logic.html, https://docs.aws.amazon.com/IAM/latest/UserGuide/access_policies_boundaries.html, https://learn.microsoft.com/en-us/azure/role-based-access-control/overview, https://docs.cloud.google.com/iam/docs/deny-overview	identity mapping none
How a permission decision is reached — where does the mapping break?	AWS evaluates applicable grants and restrictions rather than requiring an allow at every stage of a universal pipeline. Identity-based grants are constrained by boundaries and applicable organization or session policies. Same-account resource-based grants can behave differently depending on whether they name a user, role, or role session; an applicable explicit deny still wins. Azure RBAC and Google IAM allow grants inherit down their resource hierarchies, but deny controls and conditions must also be considered. A narrower role at a child scope does not remove an inherited grant. | Sources: https://docs.aws.amazon.com/IAM/latest/UserGuide/reference_policies_evaluation-logic.html, https://docs.aws.amazon.com/IAM/latest/UserGuide/access_policies_boundaries.html, https://learn.microsoft.com/en-us/azure/role-based-access-control/overview, https://docs.cloud.google.com/iam/docs/deny-overview	identity gotcha serious
AWS IAM Identity Center administration and account IAM — compare the purpose and limits elsewhere.	Azure: Microsoft Entra roles and Azure RBAC roles; Google Cloud: Cloud Identity super administrator and organization IAM roles | Grade: partial | Caveat: Directory administration and workload access are different responsibilities in all three ecosystems. An Azure Global Administrator does not automatically receive resource permissions: elevation grants User Access Administrator at root scope, from which resource access can be assigned. Google Workspace or Cloud Identity super administrators manage the directory; Organization Administrator manages organization IAM and is not an unrestricted workload superuser. AWS Identity Center administration likewise does not replace the permission sets and IAM roles used to access member-account resources. | Sources: https://learn.microsoft.com/en-us/azure/role-based-access-control/elevate-access-global-admin, https://docs.cloud.google.com/resource-manager/docs/creating-managing-organization, https://docs.aws.amazon.com/singlesignon/latest/userguide/what-is.html	identity mapping partial
Azure Microsoft Entra roles and Azure RBAC roles — compare the purpose and limits elsewhere.	AWS: IAM Identity Center administration and account IAM; Google Cloud: Cloud Identity super administrator and organization IAM roles | Grade: partial | Caveat: Directory administration and workload access are different responsibilities in all three ecosystems. An Azure Global Administrator does not automatically receive resource permissions: elevation grants User Access Administrator at root scope, from which resource access can be assigned. Google Workspace or Cloud Identity super administrators manage the directory; Organization Administrator manages organization IAM and is not an unrestricted workload superuser. AWS Identity Center administration likewise does not replace the permission sets and IAM roles used to access member-account resources. | Sources: https://learn.microsoft.com/en-us/azure/role-based-access-control/elevate-access-global-admin, https://docs.cloud.google.com/resource-manager/docs/creating-managing-organization, https://docs.aws.amazon.com/singlesignon/latest/userguide/what-is.html	identity mapping partial
Google Cloud Cloud Identity super administrator and organization IAM roles — compare the purpose and limits elsewhere.	AWS: IAM Identity Center administration and account IAM; Azure: Microsoft Entra roles and Azure RBAC roles | Grade: partial | Caveat: Directory administration and workload access are different responsibilities in all three ecosystems. An Azure Global Administrator does not automatically receive resource permissions: elevation grants User Access Administrator at root scope, from which resource access can be assigned. Google Workspace or Cloud Identity super administrators manage the directory; Organization Administrator manages organization IAM and is not an unrestricted workload superuser. AWS Identity Center administration likewise does not replace the permission sets and IAM roles used to access member-account resources. | Sources: https://learn.microsoft.com/en-us/azure/role-based-access-control/elevate-access-global-admin, https://docs.cloud.google.com/resource-manager/docs/creating-managing-organization, https://docs.aws.amazon.com/singlesignon/latest/userguide/what-is.html	identity mapping partial
Administering the directory versus administering resources — where does the mapping break?	Directory administration and workload access are different responsibilities in all three ecosystems. An Azure Global Administrator does not automatically receive resource permissions: elevation grants User Access Administrator at root scope, from which resource access can be assigned. Google Workspace or Cloud Identity super administrators manage the directory; Organization Administrator manages organization IAM and is not an unrestricted workload superuser. AWS Identity Center administration likewise does not replace the permission sets and IAM roles used to access member-account resources. | Sources: https://learn.microsoft.com/en-us/azure/role-based-access-control/elevate-access-global-admin, https://docs.cloud.google.com/resource-manager/docs/creating-managing-organization, https://docs.aws.amazon.com/singlesignon/latest/userguide/what-is.html	identity gotcha serious
AWS IAM Identity Center — compare the purpose and limits elsewhere.	Azure: Microsoft Entra ID; Google Cloud: Cloud Identity, or Workforce Identity Federation | Grade: partial | Caveat: Azure subscriptions trust an Entra tenant. AWS IAM Identity Center provides workforce access using permission sets and account roles and can connect an external identity provider. Google Cloud Identity and Workforce Identity Federation offer different directory and federation models. Compare the source of identities, federation configuration and resource grants rather than treating a directory as permission to all workloads. | Sources: https://docs.aws.amazon.com/singlesignon/latest/userguide/what-is.html, https://docs.cloud.google.com/iam/docs/workforce-identity-federation	identity mapping partial
Azure Microsoft Entra ID — compare the purpose and limits elsewhere.	AWS: IAM Identity Center; Google Cloud: Cloud Identity, or Workforce Identity Federation | Grade: partial | Caveat: Azure subscriptions trust an Entra tenant. AWS IAM Identity Center provides workforce access using permission sets and account roles and can connect an external identity provider. Google Cloud Identity and Workforce Identity Federation offer different directory and federation models. Compare the source of identities, federation configuration and resource grants rather than treating a directory as permission to all workloads. | Sources: https://docs.aws.amazon.com/singlesignon/latest/userguide/what-is.html, https://docs.cloud.google.com/iam/docs/workforce-identity-federation	identity mapping partial
Google Cloud Cloud Identity, or Workforce Identity Federation — compare the purpose and limits elsewhere.	AWS: IAM Identity Center; Azure: Microsoft Entra ID | Grade: partial | Caveat: Azure subscriptions trust an Entra tenant. AWS IAM Identity Center provides workforce access using permission sets and account roles and can connect an external identity provider. Google Cloud Identity and Workforce Identity Federation offer different directory and federation models. Compare the source of identities, federation configuration and resource grants rather than treating a directory as permission to all workloads. | Sources: https://docs.aws.amazon.com/singlesignon/latest/userguide/what-is.html, https://docs.cloud.google.com/iam/docs/workforce-identity-federation	identity mapping partial
Workforce single sign-on into the cloud — where does the mapping break?	Azure subscriptions trust an Entra tenant. AWS IAM Identity Center provides workforce access using permission sets and account roles and can connect an external identity provider. Google Cloud Identity and Workforce Identity Federation offer different directory and federation models. Compare the source of identities, federation configuration and resource grants rather than treating a directory as permission to all workloads. | Sources: https://docs.aws.amazon.com/singlesignon/latest/userguide/what-is.html, https://docs.cloud.google.com/iam/docs/workforce-identity-federation	identity gotcha regular
AWS Secrets Manager, or SSM Parameter Store — compare the purpose and limits elsewhere.	Azure: Azure Key Vault; Google Cloud: Secret Manager | Grade: partial | Caveat: Key Vault includes secrets, cryptographic keys and certificates; AWS and Google expose separate services for some of those roles. Secrets Manager supports configured rotation using managed integrations or Lambda, but storing a secret does not automatically configure working rotation. Parameter Store supports secure parameters; rotation and pricing depend on tier and integration. Verify the secret type, rotation mechanism and application behavior. | Sources: https://docs.aws.amazon.com/secretsmanager/latest/userguide/rotating-secrets.html	identity mapping partial
Azure Azure Key Vault — compare the purpose and limits elsewhere.	AWS: Secrets Manager, or SSM Parameter Store; Google Cloud: Secret Manager | Grade: partial | Caveat: Key Vault includes secrets, cryptographic keys and certificates; AWS and Google expose separate services for some of those roles. Secrets Manager supports configured rotation using managed integrations or Lambda, but storing a secret does not automatically configure working rotation. Parameter Store supports secure parameters; rotation and pricing depend on tier and integration. Verify the secret type, rotation mechanism and application behavior. | Sources: https://docs.aws.amazon.com/secretsmanager/latest/userguide/rotating-secrets.html	identity mapping partial
Google Cloud Secret Manager — compare the purpose and limits elsewhere.	AWS: Secrets Manager, or SSM Parameter Store; Azure: Azure Key Vault | Grade: partial | Caveat: Key Vault includes secrets, cryptographic keys and certificates; AWS and Google expose separate services for some of those roles. Secrets Manager supports configured rotation using managed integrations or Lambda, but storing a secret does not automatically configure working rotation. Parameter Store supports secure parameters; rotation and pricing depend on tier and integration. Verify the secret type, rotation mechanism and application behavior. | Sources: https://docs.aws.amazon.com/secretsmanager/latest/userguide/rotating-secrets.html	identity mapping partial
Storing application secrets — where does the mapping break?	Key Vault includes secrets, cryptographic keys and certificates; AWS and Google expose separate services for some of those roles. Secrets Manager supports configured rotation using managed integrations or Lambda, but storing a secret does not automatically configure working rotation. Parameter Store supports secure parameters; rotation and pricing depend on tier and integration. Verify the secret type, rotation mechanism and application behavior. | Sources: https://docs.aws.amazon.com/secretsmanager/latest/userguide/rotating-secrets.html	identity gotcha regular
AWS Security group — compare the purpose and limits elsewhere.	Azure: Network security group; Google Cloud: VPC firewall rule | Grade: partial | Caveat: An AWS security group has allow rules, not explicit deny rules. If broad allow rules must remain while one address is blocked, use an appropriate deny-capable control, such as a network ACL, network firewall, or application-layer control where applicable. Azure NSGs and Google VPC firewall rules support allow and deny decisions with priorities. Google VPC firewall rules belong to the network and select targets; do not assume all three attach and evaluate identically. | Sources: https://docs.aws.amazon.com/vpc/latest/userguide/vpc-security-groups.html, https://learn.microsoft.com/en-us/azure/virtual-network/network-security-groups-overview, https://docs.cloud.google.com/firewall/docs/firewalls	networking mapping partial
Azure Network security group — compare the purpose and limits elsewhere.	AWS: Security group; Google Cloud: VPC firewall rule | Grade: partial | Caveat: An AWS security group has allow rules, not explicit deny rules. If broad allow rules must remain while one address is blocked, use an appropriate deny-capable control, such as a network ACL, network firewall, or application-layer control where applicable. Azure NSGs and Google VPC firewall rules support allow and deny decisions with priorities. Google VPC firewall rules belong to the network and select targets; do not assume all three attach and evaluate identically. | Sources: https://docs.aws.amazon.com/vpc/latest/userguide/vpc-security-groups.html, https://learn.microsoft.com/en-us/azure/virtual-network/network-security-groups-overview, https://docs.cloud.google.com/firewall/docs/firewalls	networking mapping partial
Google Cloud VPC firewall rule — compare the purpose and limits elsewhere.	AWS: Security group; Azure: Network security group | Grade: partial | Caveat: An AWS security group has allow rules, not explicit deny rules. If broad allow rules must remain while one address is blocked, use an appropriate deny-capable control, such as a network ACL, network firewall, or application-layer control where applicable. Azure NSGs and Google VPC firewall rules support allow and deny decisions with priorities. Google VPC firewall rules belong to the network and select targets; do not assume all three attach and evaluate identically. | Sources: https://docs.aws.amazon.com/vpc/latest/userguide/vpc-security-groups.html, https://learn.microsoft.com/en-us/azure/virtual-network/network-security-groups-overview, https://docs.cloud.google.com/firewall/docs/firewalls	networking mapping partial
Instance-level traffic filtering — where does the mapping break?	An AWS security group has allow rules, not explicit deny rules. If broad allow rules must remain while one address is blocked, use an appropriate deny-capable control, such as a network ACL, network firewall, or application-layer control where applicable. Azure NSGs and Google VPC firewall rules support allow and deny decisions with priorities. Google VPC firewall rules belong to the network and select targets; do not assume all three attach and evaluate identically. | Sources: https://docs.aws.amazon.com/vpc/latest/userguide/vpc-security-groups.html, https://learn.microsoft.com/en-us/azure/virtual-network/network-security-groups-overview, https://docs.cloud.google.com/firewall/docs/firewalls	networking gotcha serious
AWS Network ACL — compare the purpose and limits elsewhere.	Azure: no equivalent; Google Cloud: no equivalent | Grade: none | Caveat: AWS network ACLs are stateless: allowing an inbound request does not automatically permit its outbound reply. Return traffic needs a matching rule. Azure NSGs and the Google VPC firewall rules compared here are stateful, so their connection tracking differs. This comparison concerns these native controls, not every possible firewall appliance or policy product. | Sources: https://docs.aws.amazon.com/vpc/latest/userguide/vpc-network-acls.html	networking mapping none
Stateless subnet-level filtering — where does the mapping break?	AWS network ACLs are stateless: allowing an inbound request does not automatically permit its outbound reply. Return traffic needs a matching rule. Azure NSGs and the Google VPC firewall rules compared here are stateful, so their connection tracking differs. This comparison concerns these native controls, not every possible firewall appliance or policy product. | Sources: https://docs.aws.amazon.com/vpc/latest/userguide/vpc-network-acls.html	networking gotcha regular
AWS VPC endpoint, gateway or interface — compare the purpose and limits elsewhere.	Azure: Private endpoint, and separately service endpoint; Google Cloud: Private Service Connect, and separately Private Google Access | Grade: none | Caveat: A private endpoint provides a private destination address for a supported service; routing, DNS, authorization and service configuration must still permit access. Azure service endpoints instead retain the service public address and do not extend to on-premises clients. AWS gateway endpoints provide route-based access to S3 and DynamoDB without an endpoint fee; they are not reachable through VPN, Direct Connect or peering. Interface endpoints use PrivateLink and have service-specific support and charges. Google Private Service Connect and Private Google Access are different mechanisms. | Sources: https://learn.microsoft.com/en-us/azure/private-link/private-endpoint-overview, https://docs.aws.amazon.com/vpc/latest/privatelink/gateway-endpoints.html, https://docs.cloud.google.com/vpc/docs/private-service-connect	networking mapping none
Azure Private endpoint, and separately service endpoint — compare the purpose and limits elsewhere.	AWS: VPC endpoint, gateway or interface; Google Cloud: Private Service Connect, and separately Private Google Access | Grade: none | Caveat: A private endpoint provides a private destination address for a supported service; routing, DNS, authorization and service configuration must still permit access. Azure service endpoints instead retain the service public address and do not extend to on-premises clients. AWS gateway endpoints provide route-based access to S3 and DynamoDB without an endpoint fee; they are not reachable through VPN, Direct Connect or peering. Interface endpoints use PrivateLink and have service-specific support and charges. Google Private Service Connect and Private Google Access are different mechanisms. | Sources: https://learn.microsoft.com/en-us/azure/private-link/private-endpoint-overview, https://docs.aws.amazon.com/vpc/latest/privatelink/gateway-endpoints.html, https://docs.cloud.google.com/vpc/docs/private-service-connect	networking mapping none
Google Cloud Private Service Connect, and separately Private Google Access — compare the purpose and limits elsewhere.	AWS: VPC endpoint, gateway or interface; Azure: Private endpoint, and separately service endpoint | Grade: none | Caveat: A private endpoint provides a private destination address for a supported service; routing, DNS, authorization and service configuration must still permit access. Azure service endpoints instead retain the service public address and do not extend to on-premises clients. AWS gateway endpoints provide route-based access to S3 and DynamoDB without an endpoint fee; they are not reachable through VPN, Direct Connect or peering. Interface endpoints use PrivateLink and have service-specific support and charges. Google Private Service Connect and Private Google Access are different mechanisms. | Sources: https://learn.microsoft.com/en-us/azure/private-link/private-endpoint-overview, https://docs.aws.amazon.com/vpc/latest/privatelink/gateway-endpoints.html, https://docs.cloud.google.com/vpc/docs/private-service-connect	networking mapping none
Reaching a managed service without traversing the internet — where does the mapping break?	A private endpoint provides a private destination address for a supported service; routing, DNS, authorization and service configuration must still permit access. Azure service endpoints instead retain the service public address and do not extend to on-premises clients. AWS gateway endpoints provide route-based access to S3 and DynamoDB without an endpoint fee; they are not reachable through VPN, Direct Connect or peering. Interface endpoints use PrivateLink and have service-specific support and charges. Google Private Service Connect and Private Google Access are different mechanisms. | Sources: https://learn.microsoft.com/en-us/azure/private-link/private-endpoint-overview, https://docs.aws.amazon.com/vpc/latest/privatelink/gateway-endpoints.html, https://docs.cloud.google.com/vpc/docs/private-service-connect	networking gotcha serious
AWS Amazon CloudFront — compare the purpose and limits elsewhere.	Azure: Azure Front Door; Google Cloud: Global external Application Load Balancer | Grade: partial | Caveat: CloudFront and Front Door are global HTTP reverse-proxy services; neither is interchangeable with a regional application load balancer. Google offers a global external Application Load Balancer. Traffic Manager and Route 53 DNS routing select DNS answers rather than carrying application traffic. AWS Global Accelerator handles TCP/UDP traffic and is not a layer-7 routing engine. A global entry point does not make a single-region origin resilient to regional failure. | Sources: https://docs.aws.amazon.com/global-accelerator/latest/dg/what-is-global-accelerator.html, https://learn.microsoft.com/en-us/azure/traffic-manager/traffic-manager-overview	networking mapping partial
Azure Azure Front Door — compare the purpose and limits elsewhere.	AWS: Amazon CloudFront; Google Cloud: Global external Application Load Balancer | Grade: partial | Caveat: CloudFront and Front Door are global HTTP reverse-proxy services; neither is interchangeable with a regional application load balancer. Google offers a global external Application Load Balancer. Traffic Manager and Route 53 DNS routing select DNS answers rather than carrying application traffic. AWS Global Accelerator handles TCP/UDP traffic and is not a layer-7 routing engine. A global entry point does not make a single-region origin resilient to regional failure. | Sources: https://docs.aws.amazon.com/global-accelerator/latest/dg/what-is-global-accelerator.html, https://learn.microsoft.com/en-us/azure/traffic-manager/traffic-manager-overview	networking mapping partial
Google Cloud Global external Application Load Balancer — compare the purpose and limits elsewhere.	AWS: Amazon CloudFront; Azure: Azure Front Door | Grade: partial | Caveat: CloudFront and Front Door are global HTTP reverse-proxy services; neither is interchangeable with a regional application load balancer. Google offers a global external Application Load Balancer. Traffic Manager and Route 53 DNS routing select DNS answers rather than carrying application traffic. AWS Global Accelerator handles TCP/UDP traffic and is not a layer-7 routing engine. A global entry point does not make a single-region origin resilient to regional failure. | Sources: https://docs.aws.amazon.com/global-accelerator/latest/dg/what-is-global-accelerator.html, https://learn.microsoft.com/en-us/azure/traffic-manager/traffic-manager-overview	networking mapping partial
Global layer 7 load balancing — where does the mapping break?	CloudFront and Front Door are global HTTP reverse-proxy services; neither is interchangeable with a regional application load balancer. Google offers a global external Application Load Balancer. Traffic Manager and Route 53 DNS routing select DNS answers rather than carrying application traffic. AWS Global Accelerator handles TCP/UDP traffic and is not a layer-7 routing engine. A global entry point does not make a single-region origin resilient to regional failure. | Sources: https://docs.aws.amazon.com/global-accelerator/latest/dg/what-is-global-accelerator.html, https://learn.microsoft.com/en-us/azure/traffic-manager/traffic-manager-overview	networking gotcha regular
AWS Application Load Balancer — compare the purpose and limits elsewhere.	Azure: Application Gateway; Google Cloud: Regional external Application Load Balancer | Grade: exact | Caveat: Similar purpose does not imply identical limits or configuration. | Sources: https://docs.aws.amazon.com/elasticloadbalancing/latest/application/introduction.html, https://learn.microsoft.com/en-us/azure/application-gateway/overview, https://docs.cloud.google.com/load-balancing/docs/application-load-balancer	networking mapping exact
Azure Application Gateway — compare the purpose and limits elsewhere.	AWS: Application Load Balancer; Google Cloud: Regional external Application Load Balancer | Grade: exact | Caveat: Similar purpose does not imply identical limits or configuration. | Sources: https://docs.aws.amazon.com/elasticloadbalancing/latest/application/introduction.html, https://learn.microsoft.com/en-us/azure/application-gateway/overview, https://docs.cloud.google.com/load-balancing/docs/application-load-balancer	networking mapping exact
Google Cloud Regional external Application Load Balancer — compare the purpose and limits elsewhere.	AWS: Application Load Balancer; Azure: Application Gateway | Grade: exact | Caveat: Similar purpose does not imply identical limits or configuration. | Sources: https://docs.aws.amazon.com/elasticloadbalancing/latest/application/introduction.html, https://learn.microsoft.com/en-us/azure/application-gateway/overview, https://docs.cloud.google.com/load-balancing/docs/application-load-balancer	networking mapping exact
AWS VPC peering — compare the purpose and limits elsewhere.	Azure: Virtual network peering; Google Cloud: VPC Network Peering | Grade: exact | Caveat: Peering between A and B and between B and C does not by itself give A a transit path to C in any of these three services. Check address-range overlap and supported route types: peering products have provider-specific restrictions and exceptions. A transitive design requires a supported transit or routing solution, not a chain of ordinary peerings. | Sources: https://docs.aws.amazon.com/vpc/latest/peering/what-is-vpc-peering.html, https://learn.microsoft.com/en-us/azure/virtual-network/virtual-network-peering-overview, https://docs.cloud.google.com/vpc/docs/vpc-peering	networking mapping exact
Azure Virtual network peering — compare the purpose and limits elsewhere.	AWS: VPC peering; Google Cloud: VPC Network Peering | Grade: exact | Caveat: Peering between A and B and between B and C does not by itself give A a transit path to C in any of these three services. Check address-range overlap and supported route types: peering products have provider-specific restrictions and exceptions. A transitive design requires a supported transit or routing solution, not a chain of ordinary peerings. | Sources: https://docs.aws.amazon.com/vpc/latest/peering/what-is-vpc-peering.html, https://learn.microsoft.com/en-us/azure/virtual-network/virtual-network-peering-overview, https://docs.cloud.google.com/vpc/docs/vpc-peering	networking mapping exact
Google Cloud VPC Network Peering — compare the purpose and limits elsewhere.	AWS: VPC peering; Azure: Virtual network peering | Grade: exact | Caveat: Peering between A and B and between B and C does not by itself give A a transit path to C in any of these three services. Check address-range overlap and supported route types: peering products have provider-specific restrictions and exceptions. A transitive design requires a supported transit or routing solution, not a chain of ordinary peerings. | Sources: https://docs.aws.amazon.com/vpc/latest/peering/what-is-vpc-peering.html, https://learn.microsoft.com/en-us/azure/virtual-network/virtual-network-peering-overview, https://docs.cloud.google.com/vpc/docs/vpc-peering	networking mapping exact
AWS NAT gateway — compare the purpose and limits elsewhere.	Azure: Azure NAT Gateway; Google Cloud: Cloud NAT | Grade: partial | Caveat: AWS offers zonal and regional NAT gateways. Zonal gateways require an explicit per-zone design for zone resilience; regional gateways support automatic expansion across workload zones, with documented expansion delays and mode restrictions. Regional NAT does not support private NAT. Azure NAT Gateway capabilities depend on SKU and configuration. Google Cloud NAT is distributed translation, not a proxy VM through which packets are routed. NAT is not an inbound publishing or application-authentication mechanism. | Sources: https://docs.aws.amazon.com/vpc/latest/userguide/nat-gateways-regional.html, https://learn.microsoft.com/en-us/azure/nat-gateway/nat-overview, https://docs.cloud.google.com/nat/docs/overview	networking mapping partial
Azure Azure NAT Gateway — compare the purpose and limits elsewhere.	AWS: NAT gateway; Google Cloud: Cloud NAT | Grade: partial | Caveat: AWS offers zonal and regional NAT gateways. Zonal gateways require an explicit per-zone design for zone resilience; regional gateways support automatic expansion across workload zones, with documented expansion delays and mode restrictions. Regional NAT does not support private NAT. Azure NAT Gateway capabilities depend on SKU and configuration. Google Cloud NAT is distributed translation, not a proxy VM through which packets are routed. NAT is not an inbound publishing or application-authentication mechanism. | Sources: https://docs.aws.amazon.com/vpc/latest/userguide/nat-gateways-regional.html, https://learn.microsoft.com/en-us/azure/nat-gateway/nat-overview, https://docs.cloud.google.com/nat/docs/overview	networking mapping partial
Google Cloud Cloud NAT — compare the purpose and limits elsewhere.	AWS: NAT gateway; Azure: Azure NAT Gateway | Grade: partial | Caveat: AWS offers zonal and regional NAT gateways. Zonal gateways require an explicit per-zone design for zone resilience; regional gateways support automatic expansion across workload zones, with documented expansion delays and mode restrictions. Regional NAT does not support private NAT. Azure NAT Gateway capabilities depend on SKU and configuration. Google Cloud NAT is distributed translation, not a proxy VM through which packets are routed. NAT is not an inbound publishing or application-authentication mechanism. | Sources: https://docs.aws.amazon.com/vpc/latest/userguide/nat-gateways-regional.html, https://learn.microsoft.com/en-us/azure/nat-gateway/nat-overview, https://docs.cloud.google.com/nat/docs/overview	networking mapping partial
Outbound internet for private instances — where does the mapping break?	AWS offers zonal and regional NAT gateways. Zonal gateways require an explicit per-zone design for zone resilience; regional gateways support automatic expansion across workload zones, with documented expansion delays and mode restrictions. Regional NAT does not support private NAT. Azure NAT Gateway capabilities depend on SKU and configuration. Google Cloud NAT is distributed translation, not a proxy VM through which packets are routed. NAT is not an inbound publishing or application-authentication mechanism. | Sources: https://docs.aws.amazon.com/vpc/latest/userguide/nat-gateways-regional.html, https://learn.microsoft.com/en-us/azure/nat-gateway/nat-overview, https://docs.cloud.google.com/nat/docs/overview	networking gotcha regular
AWS AWS Direct Connect — compare the purpose and limits elsewhere.	Azure: Azure ExpressRoute; Google Cloud: Cloud Interconnect | Grade: exact | Caveat: Similar purpose does not imply identical limits or configuration. | Sources: https://docs.aws.amazon.com/directconnect/latest/UserGuide/Welcome.html, https://learn.microsoft.com/en-us/azure/expressroute/expressroute-introduction, https://docs.cloud.google.com/network-connectivity/docs/interconnect	networking mapping exact
Azure Azure ExpressRoute — compare the purpose and limits elsewhere.	AWS: AWS Direct Connect; Google Cloud: Cloud Interconnect | Grade: exact | Caveat: Similar purpose does not imply identical limits or configuration. | Sources: https://docs.aws.amazon.com/directconnect/latest/UserGuide/Welcome.html, https://learn.microsoft.com/en-us/azure/expressroute/expressroute-introduction, https://docs.cloud.google.com/network-connectivity/docs/interconnect	networking mapping exact
Google Cloud Cloud Interconnect — compare the purpose and limits elsewhere.	AWS: AWS Direct Connect; Azure: Azure ExpressRoute | Grade: exact | Caveat: Similar purpose does not imply identical limits or configuration. | Sources: https://docs.aws.amazon.com/directconnect/latest/UserGuide/Welcome.html, https://learn.microsoft.com/en-us/azure/expressroute/expressroute-introduction, https://docs.cloud.google.com/network-connectivity/docs/interconnect	networking mapping exact
AWS Amazon S3 — compare the purpose and limits elsewhere.	Azure: Azure Blob Storage; Google Cloud: Cloud Storage | Grade: partial | Caveat: Azure Blob Storage uses a container within a storage account; the account carries settings such as redundancy and naming. S3 and Cloud Storage expose buckets. An Azure blob container is unrelated to the container image used to package an application. Google bucket location options include regional, dual-region, and multi-region; compare these with replication and redundancy configurations in the other providers rather than assuming identical placement controls. | Sources: https://docs.aws.amazon.com/AmazonS3/latest/userguide/Welcome.html, https://learn.microsoft.com/en-us/azure/storage/blobs/storage-blobs-introduction, https://docs.cloud.google.com/storage/docs/introduction	storage mapping partial
Azure Azure Blob Storage — compare the purpose and limits elsewhere.	AWS: Amazon S3; Google Cloud: Cloud Storage | Grade: partial | Caveat: Azure Blob Storage uses a container within a storage account; the account carries settings such as redundancy and naming. S3 and Cloud Storage expose buckets. An Azure blob container is unrelated to the container image used to package an application. Google bucket location options include regional, dual-region, and multi-region; compare these with replication and redundancy configurations in the other providers rather than assuming identical placement controls. | Sources: https://docs.aws.amazon.com/AmazonS3/latest/userguide/Welcome.html, https://learn.microsoft.com/en-us/azure/storage/blobs/storage-blobs-introduction, https://docs.cloud.google.com/storage/docs/introduction	storage mapping partial
Google Cloud Cloud Storage — compare the purpose and limits elsewhere.	AWS: Amazon S3; Azure: Azure Blob Storage | Grade: partial | Caveat: Azure Blob Storage uses a container within a storage account; the account carries settings such as redundancy and naming. S3 and Cloud Storage expose buckets. An Azure blob container is unrelated to the container image used to package an application. Google bucket location options include regional, dual-region, and multi-region; compare these with replication and redundancy configurations in the other providers rather than assuming identical placement controls. | Sources: https://docs.aws.amazon.com/AmazonS3/latest/userguide/Welcome.html, https://learn.microsoft.com/en-us/azure/storage/blobs/storage-blobs-introduction, https://docs.cloud.google.com/storage/docs/introduction	storage mapping partial
Object storage — where does the mapping break?	Azure Blob Storage uses a container within a storage account; the account carries settings such as redundancy and naming. S3 and Cloud Storage expose buckets. An Azure blob container is unrelated to the container image used to package an application. Google bucket location options include regional, dual-region, and multi-region; compare these with replication and redundancy configurations in the other providers rather than assuming identical placement controls. | Sources: https://docs.aws.amazon.com/AmazonS3/latest/userguide/Welcome.html, https://learn.microsoft.com/en-us/azure/storage/blobs/storage-blobs-introduction, https://docs.cloud.google.com/storage/docs/introduction	storage gotcha regular
AWS S3 Glacier Deep Archive — compare the purpose and limits elsewhere.	Azure: Archive access tier; Google Cloud: Archive storage class | Grade: none | Caveat: Google Archive remains online with low-latency reads. S3 Glacier Deep Archive requires a restore before access; Glacier Instant Retrieval is a different class. Azure Archive needs rehydration before normal reads. Minimum storage durations, retrieval operations, early deletion and data transfer affect total cost, so the lowest storage rate does not establish the cheapest design. | Sources: https://docs.cloud.google.com/storage/docs/storage-classes, https://learn.microsoft.com/en-us/azure/storage/blobs/access-tiers-overview, https://docs.aws.amazon.com/AmazonS3/latest/userguide/storage-class-intro.html	storage mapping none
Azure Archive access tier — compare the purpose and limits elsewhere.	AWS: S3 Glacier Deep Archive; Google Cloud: Archive storage class | Grade: none | Caveat: Google Archive remains online with low-latency reads. S3 Glacier Deep Archive requires a restore before access; Glacier Instant Retrieval is a different class. Azure Archive needs rehydration before normal reads. Minimum storage durations, retrieval operations, early deletion and data transfer affect total cost, so the lowest storage rate does not establish the cheapest design. | Sources: https://docs.cloud.google.com/storage/docs/storage-classes, https://learn.microsoft.com/en-us/azure/storage/blobs/access-tiers-overview, https://docs.aws.amazon.com/AmazonS3/latest/userguide/storage-class-intro.html	storage mapping none
Google Cloud Archive storage class — compare the purpose and limits elsewhere.	AWS: S3 Glacier Deep Archive; Azure: Archive access tier | Grade: none | Caveat: Google Archive remains online with low-latency reads. S3 Glacier Deep Archive requires a restore before access; Glacier Instant Retrieval is a different class. Azure Archive needs rehydration before normal reads. Minimum storage durations, retrieval operations, early deletion and data transfer affect total cost, so the lowest storage rate does not establish the cheapest design. | Sources: https://docs.cloud.google.com/storage/docs/storage-classes, https://learn.microsoft.com/en-us/azure/storage/blobs/access-tiers-overview, https://docs.aws.amazon.com/AmazonS3/latest/userguide/storage-class-intro.html	storage mapping none
Archival storage and retrieval behavior — where does the mapping break?	Google Archive remains online with low-latency reads. S3 Glacier Deep Archive requires a restore before access; Glacier Instant Retrieval is a different class. Azure Archive needs rehydration before normal reads. Minimum storage durations, retrieval operations, early deletion and data transfer affect total cost, so the lowest storage rate does not establish the cheapest design. | Sources: https://docs.cloud.google.com/storage/docs/storage-classes, https://learn.microsoft.com/en-us/azure/storage/blobs/access-tiers-overview, https://docs.aws.amazon.com/AmazonS3/latest/userguide/storage-class-intro.html	storage gotcha serious
AWS Amazon EBS — compare the purpose and limits elsewhere.	Azure: Azure managed disks; Google Cloud: Persistent Disk and Hyperdisk | Grade: partial | Caveat: EBS volumes are zonal. Azure managed disks offer redundancy options including ZRS on supported disk types. Google regional Persistent Disk and Hyperdisk Balanced High Availability replicate across two zones. Availability does not imply shared-writer safety: multi-attach support, access modes, VM compatibility and clustered filesystems must be checked for the selected disk. Replicated storage still needs application failover and backups. | Sources: https://learn.microsoft.com/en-us/azure/virtual-machines/disks-redundancy, https://docs.cloud.google.com/compute/docs/disks/hyperdisks, https://docs.cloud.google.com/compute/docs/disks/sharing-disks-between-vms	storage mapping partial
Azure Azure managed disks — compare the purpose and limits elsewhere.	AWS: Amazon EBS; Google Cloud: Persistent Disk and Hyperdisk | Grade: partial | Caveat: EBS volumes are zonal. Azure managed disks offer redundancy options including ZRS on supported disk types. Google regional Persistent Disk and Hyperdisk Balanced High Availability replicate across two zones. Availability does not imply shared-writer safety: multi-attach support, access modes, VM compatibility and clustered filesystems must be checked for the selected disk. Replicated storage still needs application failover and backups. | Sources: https://learn.microsoft.com/en-us/azure/virtual-machines/disks-redundancy, https://docs.cloud.google.com/compute/docs/disks/hyperdisks, https://docs.cloud.google.com/compute/docs/disks/sharing-disks-between-vms	storage mapping partial
Google Cloud Persistent Disk and Hyperdisk — compare the purpose and limits elsewhere.	AWS: Amazon EBS; Azure: Azure managed disks | Grade: partial | Caveat: EBS volumes are zonal. Azure managed disks offer redundancy options including ZRS on supported disk types. Google regional Persistent Disk and Hyperdisk Balanced High Availability replicate across two zones. Availability does not imply shared-writer safety: multi-attach support, access modes, VM compatibility and clustered filesystems must be checked for the selected disk. Replicated storage still needs application failover and backups. | Sources: https://learn.microsoft.com/en-us/azure/virtual-machines/disks-redundancy, https://docs.cloud.google.com/compute/docs/disks/hyperdisks, https://docs.cloud.google.com/compute/docs/disks/sharing-disks-between-vms	storage mapping partial
Network-attached block storage for a VM — where does the mapping break?	EBS volumes are zonal. Azure managed disks offer redundancy options including ZRS on supported disk types. Google regional Persistent Disk and Hyperdisk Balanced High Availability replicate across two zones. Availability does not imply shared-writer safety: multi-attach support, access modes, VM compatibility and clustered filesystems must be checked for the selected disk. Replicated storage still needs application failover and backups. | Sources: https://learn.microsoft.com/en-us/azure/virtual-machines/disks-redundancy, https://docs.cloud.google.com/compute/docs/disks/hyperdisks, https://docs.cloud.google.com/compute/docs/disks/sharing-disks-between-vms	storage gotcha regular
AWS Amazon EFS, or FSx — compare the purpose and limits elsewhere.	Azure: Azure Files; Google Cloud: Filestore | Grade: partial | Caveat: Choose the file protocol and service tier explicitly. EFS serves NFS; the FSx family includes separate Windows, Lustre, NetApp ONTAP and OpenZFS offerings. Azure Files supports SMB or NFS shares with different feature support; a share is not automatically dual-protocol. Filestore serves NFS. On-premises access requires supported connectivity, firewall, DNS and authentication configuration. | Sources: https://learn.microsoft.com/en-us/azure/storage/files/storage-files-introduction, https://docs.aws.amazon.com/fsx/latest/WindowsGuide/what-is.html, https://docs.cloud.google.com/filestore/docs/overview	storage mapping partial
Azure Azure Files — compare the purpose and limits elsewhere.	AWS: Amazon EFS, or FSx; Google Cloud: Filestore | Grade: partial | Caveat: Choose the file protocol and service tier explicitly. EFS serves NFS; the FSx family includes separate Windows, Lustre, NetApp ONTAP and OpenZFS offerings. Azure Files supports SMB or NFS shares with different feature support; a share is not automatically dual-protocol. Filestore serves NFS. On-premises access requires supported connectivity, firewall, DNS and authentication configuration. | Sources: https://learn.microsoft.com/en-us/azure/storage/files/storage-files-introduction, https://docs.aws.amazon.com/fsx/latest/WindowsGuide/what-is.html, https://docs.cloud.google.com/filestore/docs/overview	storage mapping partial
Google Cloud Filestore — compare the purpose and limits elsewhere.	AWS: Amazon EFS, or FSx; Azure: Azure Files | Grade: partial | Caveat: Choose the file protocol and service tier explicitly. EFS serves NFS; the FSx family includes separate Windows, Lustre, NetApp ONTAP and OpenZFS offerings. Azure Files supports SMB or NFS shares with different feature support; a share is not automatically dual-protocol. Filestore serves NFS. On-premises access requires supported connectivity, firewall, DNS and authentication configuration. | Sources: https://learn.microsoft.com/en-us/azure/storage/files/storage-files-introduction, https://docs.aws.amazon.com/fsx/latest/WindowsGuide/what-is.html, https://docs.cloud.google.com/filestore/docs/overview	storage mapping partial
Shared network file system — where does the mapping break?	Choose the file protocol and service tier explicitly. EFS serves NFS; the FSx family includes separate Windows, Lustre, NetApp ONTAP and OpenZFS offerings. Azure Files supports SMB or NFS shares with different feature support; a share is not automatically dual-protocol. Filestore serves NFS. On-premises access requires supported connectivity, firewall, DNS and authentication configuration. | Sources: https://learn.microsoft.com/en-us/azure/storage/files/storage-files-introduction, https://docs.aws.amazon.com/fsx/latest/WindowsGuide/what-is.html, https://docs.cloud.google.com/filestore/docs/overview	storage gotcha regular
AWS Storage class, with zonal scope implied by the class — compare the purpose and limits elsewhere.	Azure: LRS, ZRS, GRS, GZRS, RA-GRS; Google Cloud: Location type, region, dual-region or multi-region | Grade: none | Caveat: Azure configures redundancy on the storage account: LRS is local, ZRS spans zones, and geo-redundant options add asynchronous replication to a second region. Read-access variants expose the secondary. S3 storage classes include both One Zone-IA and Express One Zone as single-zone choices; other classes have different resilience and retrieval characteristics. Google Cloud Storage separates location type from storage class. Choose resilience and access behavior independently where the platform allows it. | Sources: https://docs.aws.amazon.com/AmazonS3/latest/userguide/storage-class-intro.html, https://learn.microsoft.com/en-us/azure/storage/common/storage-redundancy, https://docs.cloud.google.com/storage/docs/locations	storage mapping none
Azure LRS, ZRS, GRS, GZRS, RA-GRS — compare the purpose and limits elsewhere.	AWS: Storage class, with zonal scope implied by the class; Google Cloud: Location type, region, dual-region or multi-region | Grade: none | Caveat: Azure configures redundancy on the storage account: LRS is local, ZRS spans zones, and geo-redundant options add asynchronous replication to a second region. Read-access variants expose the secondary. S3 storage classes include both One Zone-IA and Express One Zone as single-zone choices; other classes have different resilience and retrieval characteristics. Google Cloud Storage separates location type from storage class. Choose resilience and access behavior independently where the platform allows it. | Sources: https://docs.aws.amazon.com/AmazonS3/latest/userguide/storage-class-intro.html, https://learn.microsoft.com/en-us/azure/storage/common/storage-redundancy, https://docs.cloud.google.com/storage/docs/locations	storage mapping none
Google Cloud Location type, region, dual-region or multi-region — compare the purpose and limits elsewhere.	AWS: Storage class, with zonal scope implied by the class; Azure: LRS, ZRS, GRS, GZRS, RA-GRS | Grade: none | Caveat: Azure configures redundancy on the storage account: LRS is local, ZRS spans zones, and geo-redundant options add asynchronous replication to a second region. Read-access variants expose the secondary. S3 storage classes include both One Zone-IA and Express One Zone as single-zone choices; other classes have different resilience and retrieval characteristics. Google Cloud Storage separates location type from storage class. Choose resilience and access behavior independently where the platform allows it. | Sources: https://docs.aws.amazon.com/AmazonS3/latest/userguide/storage-class-intro.html, https://learn.microsoft.com/en-us/azure/storage/common/storage-redundancy, https://docs.cloud.google.com/storage/docs/locations	storage mapping none
Naming the replication and durability setting — where does the mapping break?	Azure configures redundancy on the storage account: LRS is local, ZRS spans zones, and geo-redundant options add asynchronous replication to a second region. Read-access variants expose the secondary. S3 storage classes include both One Zone-IA and Express One Zone as single-zone choices; other classes have different resilience and retrieval characteristics. Google Cloud Storage separates location type from storage class. Choose resilience and access behavior independently where the platform allows it. | Sources: https://docs.aws.amazon.com/AmazonS3/latest/userguide/storage-class-intro.html, https://learn.microsoft.com/en-us/azure/storage/common/storage-redundancy, https://docs.cloud.google.com/storage/docs/locations	storage gotcha serious
"""Role"" — what does it mean in each cloud?"	AWS: identity; Azure: permission set; Google Cloud: permission set || An AWS role is a thing you become; the other two are lists of verbs pinned to somebody else. Different categories of object behind one word. The nearest AWS equivalent of an Azure or Google role is a managed policy, and the nearest Azure or Google equivalent of an AWS role is a service principal or service account. | Sources: https://docs.aws.amazon.com/IAM/latest/UserGuide/id_roles.html, https://learn.microsoft.com/en-us/azure/role-based-access-control/role-definitions, https://docs.cloud.google.com/iam/docs/roles-overview	decoder high
"""Resource group"" — what does it mean in each cloud?"	AWS: saved view; Azure: ownership container || Deleting an AWS Resource Group removes the grouping, not its members. Azure resource-group deletion requests deletion of member resources, subject to locks and dependencies. Google projects are a different lifecycle boundary. | Sources: https://docs.aws.amazon.com/ARG/latest/userguide/welcome.html, https://learn.microsoft.com/en-us/azure/azure-resource-manager/management/delete-resource-group	decoder high
"""Policy"" — what does it mean in each cloud?"	AWS: permissions document; Azure: configuration governance engine; Google Cloud: two different things || Specify the policy product and effect. An IAM permission grant, an IAM deny, and a resource-configuration constraint answer different questions. Governance controls do not substitute for application authorization. | Sources: https://docs.aws.amazon.com/IAM/latest/UserGuide/access_policies.html, https://learn.microsoft.com/en-us/azure/governance/policy/overview, https://docs.cloud.google.com/iam/docs/policies	decoder high
"""ASG"" — what does it mean in each cloud?"	AWS: compute; Azure: networking || One acronym, two services, different domains entirely, and both are common enough that the abbreviation gets used unqualified in study notes and team chat. Expand it every time. | Sources: https://docs.aws.amazon.com/autoscaling/ec2/userguide/auto-scaling-groups.html, https://learn.microsoft.com/en-us/azure/virtual-network/application-security-groups	decoder high
"""Container"" — what does it mean in each cloud?"	"AWS: compute packaging; Azure: storage grouping; Google Cloud: compute packaging || Azure uses the word for both meanings in the same portal. ""Create a container"" in a storage context means a blob grouping and has nothing to do with Docker, Kubernetes or Container Apps. Reading it as a compute object sends the whole answer wrong. | Sources: https://docs.aws.amazon.com/AmazonECS/latest/developerguide/Welcome.html, https://learn.microsoft.com/en-us/azure/storage/blobs/storage-blobs-introduction, https://docs.cloud.google.com/run/docs/container-contract"	decoder high
"""Availability set"" — what does it mean in each cloud?"	AWS: no equivalent; Azure: intra-datacentre placement; Google Cloud: no equivalent || An availability set is not a multi-zone deployment. Surviving loss of a zone requires replicas in other zones and a functioning failover path. Merely placing all resources in one availability zone does not provide that protection. | Sources: https://docs.aws.amazon.com/AWSEC2/latest/UserGuide/placement-groups.html, https://learn.microsoft.com/en-us/azure/virtual-machines/availability-set-overview, https://docs.cloud.google.com/compute/docs/instances/define-instance-placement	decoder high
"""Endpoint"" — what does it mean in each cloud?"	AWS: private connectivity; Azure: private connectivity, two variants; Google Cloud: private connectivity || For the Azure service-endpoint/private-endpoint pair, only the private endpoint supplies a private address in the consumer VNet. Hybrid clients also need working routing and DNS. Endpoint connectivity does not itself grant permission or disable a service public endpoint. | Sources: https://docs.aws.amazon.com/vpc/latest/privatelink/concepts.html, https://learn.microsoft.com/en-us/azure/private-link/private-endpoint-overview, https://docs.cloud.google.com/vpc/docs/private-service-connect	decoder high
"""Project"" — what does it mean in each cloud?"	AWS: not applicable; Azure: not applicable; Google Cloud: isolation boundary || Project name, ID and number are different identifiers. The ID cannot be reused after deletion. Choose project boundaries for access, quotas and operations rather than assuming they map exactly to another provider account. | Sources: https://docs.aws.amazon.com/accounts/latest/reference/welcome.html, https://learn.microsoft.com/en-us/azure/cloud-adoption-framework/ready/azure-best-practices/initial-subscriptions, https://docs.cloud.google.com/resource-manager/docs/creating-managing-projects	decoder medium
"""Account"" — what does it mean in each cloud?"	AWS: boundary; Azure: overloaded; Google Cloud: overloaded || An AWS account holds workload resources and IAM configuration. In Azure and Google, qualify whether account means a person, workload identity, billing object or storage object. Identity, resource and payment boundaries are related but not identical. | Sources: https://docs.aws.amazon.com/accounts/latest/reference/welcome.html, https://learn.microsoft.com/en-us/azure/cost-management-billing/understand/view-all-accounts, https://docs.cloud.google.com/billing/docs/concepts	decoder medium
"""Security group"" — what does it mean in each cloud?"	"AWS: instance firewall; Azure: subnet or instance firewall; Google Cloud: network firewall || The AWS object cannot deny anything, which people consistently forget, and Azure's similarly named object can. In Entra ID, ""security group"" additionally means a directory group of users, a third unrelated sense. | Sources: https://docs.aws.amazon.com/vpc/latest/userguide/vpc-security-groups.html, https://learn.microsoft.com/en-us/azure/virtual-network/network-security-groups-overview, https://docs.cloud.google.com/firewall/docs/firewalls"	decoder medium
"""Tag"" — what does it mean in each cloud?"	AWS: metadata; Azure: metadata; Google Cloud: metadata and network selector || A network tag is metadata with operational effects: firewall rules and routes can select it. A Resource Manager tag is a different governed construct. Do not treat either as interchangeable with a billing label. | Sources: https://docs.aws.amazon.com/tag-editor/latest/userguide/tagging.html, https://learn.microsoft.com/en-us/azure/azure-resource-manager/management/tag-resources, https://docs.cloud.google.com/resource-manager/docs/tags/tags-overview	decoder medium
"""Zone"" — what does it mean in each cloud?"	AWS: failure domain; Azure: failure domain; Google Cloud: failure domain || Compare AWS AZ IDs when physical alignment between accounts matters; equal AZ names do not guarantee it. Region and service support determine how zones can be selected. A DNS zone is a different meaning of the word. | Sources: https://docs.aws.amazon.com/ram/latest/userguide/working-with-az-ids.html, https://learn.microsoft.com/en-us/azure/reliability/availability-zones-overview, https://docs.cloud.google.com/compute/docs/regions-zones	decoder medium
"""Service account"" — what does it mean in each cloud?"	AWS: identity; Azure: identity; Google Cloud: identity and resource || Service Account User supports attaching a Google service account; Token Creator supports credential generation. A grant to use the identity does not grant that identity permission to the application data. Check the intended authentication path. | Sources: https://docs.aws.amazon.com/IAM/latest/UserGuide/id_roles.html, https://learn.microsoft.com/en-us/entra/identity/managed-identities-azure-resources/overview, https://docs.cloud.google.com/iam/docs/service-account-permissions	decoder medium
"""Image"" — what does it mean in each cloud?"	AWS: VM template; Azure: VM template; Google Cloud: VM template || Scope differs. Google images are global; AMIs are regional and need explicit copying, which is a step people forget in multi-region designs and which exam questions test directly. | Sources: https://docs.aws.amazon.com/AWSEC2/latest/UserGuide/AMIs.html, https://learn.microsoft.com/en-us/azure/virtual-machines/azure-compute-gallery, https://docs.cloud.google.com/compute/docs/images	decoder low
"""Stack"" — what does it mean in each cloud?"	AWS: deployment unit; Azure: deployment unit; Google Cloud: deployment unit || Azure deployment stacks exist and must not be confused with Azure Stack. In every provider, check retain, detach, deletion protection and state ownership rather than assuming deleting a deployment always deletes every resource. | Sources: https://docs.aws.amazon.com/AWSCloudFormation/latest/UserGuide/stacks.html, https://learn.microsoft.com/en-us/azure/azure-resource-manager/bicep/deployment-stacks, https://docs.cloud.google.com/infrastructure-manager/docs/overview	decoder low
"""Reserved instance"" — what does it mean in each cloud?"	AWS: discount; Azure: discount; Google Cloud: discount || A discount is not necessarily guaranteed capacity. Verify reservation scope and eligible machine families, regions and purchase options. Google sustained use discounts are not a blanket reduction for every VM or for usage already receiving another incompatible discount. | Sources: https://docs.aws.amazon.com/AWSEC2/latest/UserGuide/ec2-reserved-instances.html, https://learn.microsoft.com/en-us/azure/cost-management-billing/reservations/save-compute-costs-reservations, https://docs.cloud.google.com/compute/docs/sustained-use-discounts	decoder low
